x,y,result
1,5,23
2,6,30
3,7,37
4,8,44
5,9,51
6,10,58
7,11,65
8,12,72
9,13,79
10,14,86
11,15,93
12,16,100
13,17,107
14,18,114
15,19,121
16,20,128
17,21,135
18,22,142
19,23,149
20,24,156
21,25,163
22,26,170
23,27,177
24,28,184
25,29,191
26,30,198
27,31,205
28,32,212
29,33,219
30,34,226
31,35,233
32,36,240
33,37,247
34,38,254
35,39,261
36,40,268
37,41,275
38,42,282
39,43,289
40,44,296
41,45,303
42,46,310
43,47,317
44,48,324
45,49,331
46,50,338
47,51,345
48,52,352
49,53,359
50,54,366
51,55,373
52,56,380
53,57,387
54,58,394
55,59,401
56,60,408
57,61,415
58,62,422
59,63,429
60,64,436
61,65,443
62,66,450
63,67,457
64,68,464
65,69,471
66,70,478
67,71,485
68,72,492
69,73,499
70,74,506
71,75,513
72,76,520
73,77,527
74,78,534
75,79,541
76,80,548
77,81,555
78,82,562
79,83,569
80,84,576
81,85,583
82,86,590
83,87,597
84,88,604
85,89,611
86,90,618
87,91,625
88,92,632
89,93,639
90,94,646
91,95,653
92,96,660
93,97,667
94,98,674
95,99,681
96,100,688
97,101,695
98,102,702
99,103,709
100,104,716
101,105,723
102,106,730
103,107,737
104,108,744
105,109,751
106,110,758
107,111,765
108,112,772
109,113,779
110,114,786
111,115,793
112,116,800
113,117,807
114,118,814
115,119,821
116,120,828
117,121,835
118,122,842
119,123,849
120,124,856
121,125,863
122,126,870
123,127,877
124,128,884
125,129,891
126,130,898
127,131,905
128,132,912
129,133,919
130,134,926
131,135,933
132,136,940
133,137,947
134,138,954
135,139,961
136,140,968
137,141,975
138,142,982
139,143,989
140,144,996
141,145,1003
142,146,1010
143,147,1017
144,148,1024
145,149,1031
146,150,1038
147,151,1045
148,152,1052
149,153,1059
150,154,1066
151,155,1073
152,156,1080
153,157,1087
154,158,1094
155,159,1101
156,160,1108
157,161,1115
158,162,1122
159,163,1129
160,164,1136
161,165,1143
162,166,1150
163,167,1157
164,168,1164
165,169,1171
166,170,1178
167,171,1185
168,172,1192
169,173,1199
170,174,1206
171,175,1213
172,176,1220
173,177,1227
174,178,1234
175,179,1241
176,180,1248
177,181,1255
178,182,1262
179,183,1269
180,184,1276
181,185,1283
182,186,1290
183,187,1297
184,188,1304
185,189,1311
186,190,1318
187,191,1325
188,192,1332
189,193,1339
190,194,1346
191,195,1353
192,196,1360
193,197,1367
194,198,1374
195,199,1381
196,200,1388
197,201,1395
198,202,1402
199,203,1409
200,204,1416
201,205,1423
202,206,1430
203,207,1437
204,208,1444
205,209,1451
206,210,1458
207,211,1465
208,212,1472
209,213,1479
210,214,1486
211,215,1493
212,216,1500
213,217,1507
214,218,1514
215,219,1521
216,220,1528
217,221,1535
218,222,1542
219,223,1549
220,224,1556
221,225,1563
222,226,1570
223,227,1577
224,228,1584
225,229,1591
226,230,1598
227,231,1605
228,232,1612
229,233,1619
230,234,1626
231,235,1633
232,236,1640
233,237,1647
234,238,1654
235,239,1661
236,240,1668
237,241,1675
238,242,1682
239,243,1689
240,244,1696
241,245,1703
242,246,1710
243,247,1717
244,248,1724
245,249,1731
246,250,1738
247,251,1745
248,252,1752
249,253,1759
250,254,1766
251,255,1773
252,256,1780
253,257,1787
254,258,1794
255,259,1801
256,260,1808
257,261,1815
258,262,1822
259,263,1829
260,264,1836
261,265,1843
262,266,1850
263,267,1857
264,268,1864
265,269,1871
266,270,1878
267,271,1885
268,272,1892
269,273,1899
270,274,1906
271,275,1913
272,276,1920
273,277,1927
274,278,1934
275,279,1941
276,280,1948
277,281,1955
278,282,1962
279,283,1969
280,284,1976
281,285,1983
282,286,1990
283,287,1997
284,288,2004
285,289,2011
286,290,2018
287,291,2025
288,292,2032
289,293,2039
290,294,2046
291,295,2053
292,296,2060
293,297,2067
294,298,2074
295,299,2081
296,300,2088
297,301,2095
298,302,2102
299,303,2109
300,304,2116
301,305,2123
302,306,2130
303,307,2137
304,308,2144
305,309,2151
306,310,2158
307,311,2165
308,312,2172
309,313,2179
310,314,2186
311,315,2193
312,316,2200
313,317,2207
314,318,2214
315,319,2221
316,320,2228
317,321,2235
318,322,2242
319,323,2249
320,324,2256
321,325,2263
322,326,2270
323,327,2277
324,328,2284
325,329,2291
326,330,2298
327,331,2305
328,332,2312
329,333,2319
330,334,2326
331,335,2333
332,336,2340
333,337,2347
334,338,2354
335,339,2361
336,340,2368
337,341,2375
338,342,2382
339,343,2389
340,344,2396
341,345,2403
342,346,2410
343,347,2417
344,348,2424
345,349,2431
346,350,2438
347,351,2445
348,352,2452
349,353,2459
350,354,2466
351,355,2473
352,356,2480
353,357,2487
354,358,2494
355,359,2501
356,360,2508
357,361,2515
358,362,2522
359,363,2529
360,364,2536
361,365,2543
362,366,2550
363,367,2557
364,368,2564
365,369,2571
366,370,2578
367,371,2585
368,372,2592
369,373,2599
370,374,2606
371,375,2613
372,376,2620
373,377,2627
374,378,2634
375,379,2641
376,380,2648
377,381,2655
378,382,2662
379,383,2669
380,384,2676
381,385,2683
382,386,2690
383,387,2697
384,388,2704
385,389,2711
386,390,2718
387,391,2725
388,392,2732
389,393,2739
390,394,2746
391,395,2753
392,396,2760
393,397,2767
394,398,2774
395,399,2781
396,400,2788
397,401,2795
398,402,2802
399,403,2809
400,404,2816
401,405,2823
402,406,2830
403,407,2837
404,408,2844
405,409,2851
406,410,2858
407,411,2865
408,412,2872
409,413,2879
410,414,2886
411,415,2893
412,416,2900
413,417,2907
414,418,2914
415,419,2921
416,420,2928
417,421,2935
418,422,2942
419,423,2949
420,424,2956
421,425,2963
422,426,2970
423,427,2977
424,428,2984
425,429,2991
426,430,2998
427,431,3005
428,432,3012
429,433,3019
430,434,3026
431,435,3033
432,436,3040
433,437,3047
434,438,3054
435,439,3061
436,440,3068
437,441,3075
438,442,3082
439,443,3089
440,444,3096
441,445,3103
442,446,3110
443,447,3117
444,448,3124
445,449,3131
446,450,3138
447,451,3145
448,452,3152
449,453,3159
450,454,3166
451,455,3173
452,456,3180
453,457,3187
454,458,3194
455,459,3201
456,460,3208
457,461,3215
458,462,3222
459,463,3229
460,464,3236
461,465,3243
462,466,3250
463,467,3257
464,468,3264
465,469,3271
466,470,3278
467,471,3285
468,472,3292
469,473,3299
470,474,3306
471,475,3313
472,476,3320
473,477,3327
474,478,3334
475,479,3341
476,480,3348
477,481,3355
478,482,3362
479,483,3369
480,484,3376
481,485,3383
482,486,3390
483,487,3397
484,488,3404
485,489,3411
486,490,3418
487,491,3425
488,492,3432
489,493,3439
490,494,3446
491,495,3453
492,496,3460
493,497,3467
494,498,3474
495,499,3481
496,500,3488
497,501,3495
498,502,3502
499,503,3509
500,504,3516
501,505,3523
502,506,3530
503,507,3537
504,508,3544
505,509,3551
506,510,3558
507,511,3565
508,512,3572
509,513,3579
510,514,3586
511,515,3593
512,516,3600
513,517,3607
514,518,3614
515,519,3621
516,520,3628
517,521,3635
518,522,3642
519,523,3649
520,524,3656
521,525,3663
522,526,3670
523,527,3677
524,528,3684
525,529,3691
526,530,3698
527,531,3705
528,532,3712
529,533,3719
530,534,3726
531,535,3733
532,536,3740
533,537,3747
534,538,3754
535,539,3761
536,540,3768
537,541,3775
538,542,3782
539,543,3789
540,544,3796
541,545,3803
542,546,3810
543,547,3817
544,548,3824
545,549,3831
546,550,3838
547,551,3845
548,552,3852
549,553,3859
550,554,3866
551,555,3873
552,556,3880
553,557,3887
554,558,3894
555,559,3901
556,560,3908
557,561,3915
558,562,3922
559,563,3929
560,564,3936
561,565,3943
562,566,3950
563,567,3957
564,568,3964
565,569,3971
566,570,3978
567,571,3985
568,572,3992
569,573,3999
570,574,4006
571,575,4013
572,576,4020
573,577,4027
574,578,4034
575,579,4041
576,580,4048
577,581,4055
578,582,4062
579,583,4069
580,584,4076
581,585,4083
582,586,4090
583,587,4097
584,588,4104
585,589,4111
586,590,4118
587,591,4125
588,592,4132
589,593,4139
590,594,4146
591,595,4153
592,596,4160
593,597,4167
594,598,4174
595,599,4181
596,600,4188
597,601,4195
598,602,4202
599,603,4209
600,604,4216
601,605,4223
602,606,4230
603,607,4237
604,608,4244
605,609,4251
606,610,4258
607,611,4265
608,612,4272
609,613,4279
610,614,4286
611,615,4293
612,616,4300
613,617,4307
614,618,4314
615,619,4321
616,620,4328
617,621,4335
618,622,4342
619,623,4349
620,624,4356
621,625,4363
622,626,4370
623,627,4377
624,628,4384
625,629,4391
626,630,4398
627,631,4405
628,632,4412
629,633,4419
630,634,4426
631,635,4433
632,636,4440
633,637,4447
634,638,4454
635,639,4461
636,640,4468
637,641,4475
638,642,4482
639,643,4489
640,644,4496
641,645,4503
642,646,4510
643,647,4517
644,648,4524
645,649,4531
646,650,4538
647,651,4545
648,652,4552
649,653,4559
650,654,4566
651,655,4573
652,656,4580
653,657,4587
654,658,4594
655,659,4601
656,660,4608
657,661,4615
658,662,4622
659,663,4629
660,664,4636
661,665,4643
662,666,4650
663,667,4657
664,668,4664
665,669,4671
666,670,4678
667,671,4685
668,672,4692
669,673,4699
670,674,4706
671,675,4713
672,676,4720
673,677,4727
674,678,4734
675,679,4741
676,680,4748
677,681,4755
678,682,4762
679,683,4769
680,684,4776
681,685,4783
682,686,4790
683,687,4797
684,688,4804
685,689,4811
686,690,4818
687,691,4825
688,692,4832
689,693,4839
690,694,4846
691,695,4853
692,696,4860
693,697,4867
694,698,4874
695,699,4881
696,700,4888
697,701,4895
698,702,4902
699,703,4909
700,704,4916
701,705,4923
702,706,4930
703,707,4937
704,708,4944
705,709,4951
706,710,4958
707,711,4965
708,712,4972
709,713,4979
710,714,4986
711,715,4993
712,716,5000
713,717,5007
714,718,5014
715,719,5021
716,720,5028
717,721,5035
718,722,5042
719,723,5049
720,724,5056
721,725,5063
722,726,5070
723,727,5077
724,728,5084
725,729,5091
726,730,5098
727,731,5105
728,732,5112
729,733,5119
730,734,5126
731,735,5133
732,736,5140
733,737,5147
734,738,5154
735,739,5161
736,740,5168
737,741,5175
738,742,5182
739,743,5189
740,744,5196
741,745,5203
742,746,5210
743,747,5217
744,748,5224
745,749,5231
746,750,5238
747,751,5245
748,752,5252
749,753,5259
750,754,5266
751,755,5273
752,756,5280
753,757,5287
754,758,5294
755,759,5301
756,760,5308
757,761,5315
758,762,5322
759,763,5329
760,764,5336
761,765,5343
762,766,5350
763,767,5357
764,768,5364
765,769,5371
766,770,5378
767,771,5385
768,772,5392
769,773,5399
770,774,5406
771,775,5413
772,776,5420
773,777,5427
774,778,5434
775,779,5441
776,780,5448
777,781,5455
778,782,5462
779,783,5469
780,784,5476
781,785,5483
782,786,5490
783,787,5497
784,788,5504
785,789,5511
786,790,5518
787,791,5525
788,792,5532
789,793,5539
790,794,5546
791,795,5553
792,796,5560
793,797,5567
794,798,5574
795,799,5581
796,800,5588
797,801,5595
798,802,5602
799,803,5609
800,804,5616
801,805,5623
802,806,5630
803,807,5637
804,808,5644
805,809,5651
806,810,5658
807,811,5665
808,812,5672
809,813,5679
810,814,5686
811,815,5693
812,816,5700
813,817,5707
814,818,5714
815,819,5721
816,820,5728
817,821,5735
818,822,5742
819,823,5749
820,824,5756
821,825,5763
822,826,5770
823,827,5777
824,828,5784
825,829,5791
826,830,5798
827,831,5805
828,832,5812
829,833,5819
830,834,5826
831,835,5833
832,836,5840
833,837,5847
834,838,5854
835,839,5861
836,840,5868
837,841,5875
838,842,5882
839,843,5889
840,844,5896
841,845,5903
842,846,5910
843,847,5917
844,848,5924
845,849,5931
846,850,5938
847,851,5945
848,852,5952
849,853,5959
850,854,5966
851,855,5973
852,856,5980
853,857,5987
854,858,5994
855,859,6001
856,860,6008
857,861,6015
858,862,6022
859,863,6029
860,864,6036
861,865,6043
862,866,6050
863,867,6057
864,868,6064
865,869,6071
866,870,6078
867,871,6085
868,872,6092
869,873,6099
870,874,6106
871,875,6113
872,876,6120
873,877,6127
874,878,6134
875,879,6141
876,880,6148
877,881,6155
878,882,6162
879,883,6169
880,884,6176
881,885,6183
882,886,6190
883,887,6197
884,888,6204
885,889,6211
886,890,6218
887,891,6225
888,892,6232
889,893,6239
890,894,6246
891,895,6253
892,896,6260
893,897,6267
894,898,6274
895,899,6281
896,900,6288
897,901,6295
898,902,6302
899,903,6309
900,904,6316
901,905,6323
902,906,6330
903,907,6337
904,908,6344
905,909,6351
906,910,6358
907,911,6365
908,912,6372
909,913,6379
910,914,6386
911,915,6393
912,916,6400
913,917,6407
914,918,6414
915,919,6421
916,920,6428
917,921,6435
918,922,6442
919,923,6449
920,924,6456
921,925,6463
922,926,6470
923,927,6477
924,928,6484
925,929,6491
926,930,6498
927,931,6505
928,932,6512
929,933,6519
930,934,6526
931,935,6533
932,936,6540
933,937,6547
934,938,6554
935,939,6561
936,940,6568
937,941,6575
938,942,6582
939,943,6589
940,944,6596
941,945,6603
942,946,6610
943,947,6617
944,948,6624
945,949,6631
946,950,6638
947,951,6645
948,952,6652
949,953,6659
950,954,6666
951,955,6673
952,956,6680
953,957,6687
954,958,6694
955,959,6701
956,960,6708
957,961,6715
958,962,6722
959,963,6729
960,964,6736
961,965,6743
962,966,6750
963,967,6757
964,968,6764
965,969,6771
966,970,6778
967,971,6785
968,972,6792
969,973,6799
970,974,6806
971,975,6813
972,976,6820
973,977,6827
974,978,6834
975,979,6841
976,980,6848
977,981,6855
978,982,6862
979,983,6869
980,984,6876
981,985,6883
982,986,6890
983,987,6897
984,988,6904
985,989,6911
986,990,6918
987,991,6925
988,992,6932
989,993,6939
990,994,6946
991,995,6953
992,996,6960
993,997,6967
994,998,6974
995,999,6981
996,1000,6988
997,1001,6995
998,1002,7002
999,1003,7009
1000,1004,7016
1001,1005,7023
1002,1006,7030
1003,1007,7037
1004,1008,7044
1005,1009,7051
1006,1010,7058
1007,1011,7065
1008,1012,7072
1009,1013,7079
1010,1014,7086
1011,1015,7093
1012,1016,7100
1013,1017,7107
1014,1018,7114
1015,1019,7121
1016,1020,7128
1017,1021,7135
1018,1022,7142
1019,1023,7149
1020,1024,7156
1021,1025,7163
1022,1026,7170
1023,1027,7177
1024,1028,7184
1025,1029,7191
1026,1030,7198
1027,1031,7205
1028,1032,7212
1029,1033,7219
1030,1034,7226
1031,1035,7233
1032,1036,7240
1033,1037,7247
1034,1038,7254
1035,1039,7261
1036,1040,7268
1037,1041,7275
1038,1042,7282
1039,1043,7289
1040,1044,7296
1041,1045,7303
1042,1046,7310
1043,1047,7317
1044,1048,7324
1045,1049,7331
1046,1050,7338
1047,1051,7345
1048,1052,7352
1049,1053,7359
1050,1054,7366
1051,1055,7373
1052,1056,7380
1053,1057,7387
1054,1058,7394
1055,1059,7401
1056,1060,7408
1057,1061,7415
1058,1062,7422
1059,1063,7429
1060,1064,7436
1061,1065,7443
1062,1066,7450
1063,1067,7457
1064,1068,7464
1065,1069,7471
1066,1070,7478
1067,1071,7485
1068,1072,7492
1069,1073,7499
1070,1074,7506
1071,1075,7513
1072,1076,7520
1073,1077,7527
1074,1078,7534
1075,1079,7541
1076,1080,7548
1077,1081,7555
1078,1082,7562
1079,1083,7569
1080,1084,7576
1081,1085,7583
1082,1086,7590
1083,1087,7597
1084,1088,7604
1085,1089,7611
1086,1090,7618
1087,1091,7625
1088,1092,7632
1089,1093,7639
1090,1094,7646
1091,1095,7653
1092,1096,7660
1093,1097,7667
1094,1098,7674
1095,1099,7681
1096,1100,7688
1097,1101,7695
1098,1102,7702
1099,1103,7709
1100,1104,7716
1101,1105,7723
1102,1106,7730
1103,1107,7737
1104,1108,7744
1105,1109,7751
1106,1110,7758
1107,1111,7765
1108,1112,7772
1109,1113,7779
1110,1114,7786
1111,1115,7793
1112,1116,7800
1113,1117,7807
1114,1118,7814
1115,1119,7821
1116,1120,7828
1117,1121,7835
1118,1122,7842
1119,1123,7849
1120,1124,7856
1121,1125,7863
1122,1126,7870
1123,1127,7877
1124,1128,7884
1125,1129,7891
1126,1130,7898
1127,1131,7905
1128,1132,7912
1129,1133,7919
1130,1134,7926
1131,1135,7933
1132,1136,7940
1133,1137,7947
1134,1138,7954
1135,1139,7961
1136,1140,7968
1137,1141,7975
1138,1142,7982
1139,1143,7989
1140,1144,7996
1141,1145,8003
1142,1146,8010
1143,1147,8017
1144,1148,8024
1145,1149,8031
1146,1150,8038
1147,1151,8045
1148,1152,8052
1149,1153,8059
1150,1154,8066
1151,1155,8073
1152,1156,8080
1153,1157,8087
1154,1158,8094
1155,1159,8101
1156,1160,8108
1157,1161,8115
1158,1162,8122
1159,1163,8129
1160,1164,8136
1161,1165,8143
1162,1166,8150
1163,1167,8157
1164,1168,8164
1165,1169,8171
1166,1170,8178
1167,1171,8185
1168,1172,8192
1169,1173,8199
1170,1174,8206
1171,1175,8213
1172,1176,8220
1173,1177,8227
1174,1178,8234
1175,1179,8241
1176,1180,8248
1177,1181,8255
1178,1182,8262
1179,1183,8269
1180,1184,8276
1181,1185,8283
1182,1186,8290
1183,1187,8297
1184,1188,8304
1185,1189,8311
1186,1190,8318
1187,1191,8325
1188,1192,8332
1189,1193,8339
1190,1194,8346
1191,1195,8353
1192,1196,8360
1193,1197,8367
1194,1198,8374
1195,1199,8381
1196,1200,8388
1197,1201,8395
1198,1202,8402
1199,1203,8409
1200,1204,8416
1201,1205,8423
1202,1206,8430
1203,1207,8437
1204,1208,8444
1205,1209,8451
1206,1210,8458
1207,1211,8465
1208,1212,8472
1209,1213,8479
1210,1214,8486
1211,1215,8493
1212,1216,8500
1213,1217,8507
1214,1218,8514
1215,1219,8521
1216,1220,8528
1217,1221,8535
1218,1222,8542
1219,1223,8549
1220,1224,8556
1221,1225,8563
1222,1226,8570
1223,1227,8577
1224,1228,8584
1225,1229,8591
1226,1230,8598
1227,1231,8605
1228,1232,8612
1229,1233,8619
1230,1234,8626
1231,1235,8633
1232,1236,8640
1233,1237,8647
1234,1238,8654
1235,1239,8661
1236,1240,8668
1237,1241,8675
1238,1242,8682
1239,1243,8689
1240,1244,8696
1241,1245,8703
1242,1246,8710
1243,1247,8717
1244,1248,8724
1245,1249,8731
1246,1250,8738
1247,1251,8745
1248,1252,8752
1249,1253,8759
1250,1254,8766
1251,1255,8773
1252,1256,8780
1253,1257,8787
1254,1258,8794
1255,1259,8801
1256,1260,8808
1257,1261,8815
1258,1262,8822
1259,1263,8829
1260,1264,8836
1261,1265,8843
1262,1266,8850
1263,1267,8857
1264,1268,8864
1265,1269,8871
1266,1270,8878
1267,1271,8885
1268,1272,8892
1269,1273,8899
1270,1274,8906
1271,1275,8913
1272,1276,8920
1273,1277,8927
1274,1278,8934
1275,1279,8941
1276,1280,8948
1277,1281,8955
1278,1282,8962
1279,1283,8969
1280,1284,8976
1281,1285,8983
1282,1286,8990
1283,1287,8997
1284,1288,9004
1285,1289,9011
1286,1290,9018
1287,1291,9025
1288,1292,9032
1289,1293,9039
1290,1294,9046
1291,1295,9053
1292,1296,9060
1293,1297,9067
1294,1298,9074
1295,1299,9081
1296,1300,9088
1297,1301,9095
1298,1302,9102
1299,1303,9109
1300,1304,9116
1301,1305,9123
1302,1306,9130
1303,1307,9137
1304,1308,9144
1305,1309,9151
1306,1310,9158
1307,1311,9165
1308,1312,9172
1309,1313,9179
1310,1314,9186
1311,1315,9193
1312,1316,9200
1313,1317,9207
1314,1318,9214
1315,1319,9221
1316,1320,9228
1317,1321,9235
1318,1322,9242
1319,1323,9249
1320,1324,9256
1321,1325,9263
1322,1326,9270
1323,1327,9277
1324,1328,9284
1325,1329,9291
1326,1330,9298
1327,1331,9305
1328,1332,9312
1329,1333,9319
1330,1334,9326
1331,1335,9333
1332,1336,9340
1333,1337,9347
1334,1338,9354
1335,1339,9361
1336,1340,9368
1337,1341,9375
1338,1342,9382
1339,1343,9389
1340,1344,9396
1341,1345,9403
1342,1346,9410
1343,1347,9417
1344,1348,9424
1345,1349,9431
1346,1350,9438
1347,1351,9445
1348,1352,9452
1349,1353,9459
1350,1354,9466
1351,1355,9473
1352,1356,9480
1353,1357,9487
1354,1358,9494
1355,1359,9501
1356,1360,9508
1357,1361,9515
1358,1362,9522
1359,1363,9529
1360,1364,9536
1361,1365,9543
1362,1366,9550
1363,1367,9557
1364,1368,9564
1365,1369,9571
1366,1370,9578
1367,1371,9585
1368,1372,9592
1369,1373,9599
1370,1374,9606
1371,1375,9613
1372,1376,9620
1373,1377,9627
1374,1378,9634
1375,1379,9641
1376,1380,9648
1377,1381,9655
1378,1382,9662
1379,1383,9669
1380,1384,9676
1381,1385,9683
1382,1386,9690
1383,1387,9697
1384,1388,9704
1385,1389,9711
1386,1390,9718
1387,1391,9725
1388,1392,9732
1389,1393,9739
1390,1394,9746
1391,1395,9753
1392,1396,9760
1393,1397,9767
1394,1398,9774
1395,1399,9781
1396,1400,9788
1397,1401,9795
1398,1402,9802
1399,1403,9809
1400,1404,9816
1401,1405,9823
1402,1406,9830
1403,1407,9837
1404,1408,9844
1405,1409,9851
1406,1410,9858
1407,1411,9865
1408,1412,9872
1409,1413,9879
1410,1414,9886
1411,1415,9893
1412,1416,9900
1413,1417,9907
1414,1418,9914
1415,1419,9921
1416,1420,9928
1417,1421,9935
1418,1422,9942
1419,1423,9949
1420,1424,9956
1421,1425,9963
1422,1426,9970
1423,1427,9977
1424,1428,9984
1425,1429,9991
1426,1430,9998
1427,1431,10005
1428,1432,10012
1429,1433,10019
1430,1434,10026
1431,1435,10033
1432,1436,10040
1433,1437,10047
1434,1438,10054
1435,1439,10061
1436,1440,10068
1437,1441,10075
1438,1442,10082
1439,1443,10089
1440,1444,10096
1441,1445,10103
1442,1446,10110
1443,1447,10117
1444,1448,10124
1445,1449,10131
1446,1450,10138
1447,1451,10145
1448,1452,10152
1449,1453,10159
1450,1454,10166
1451,1455,10173
1452,1456,10180
1453,1457,10187
1454,1458,10194
1455,1459,10201
1456,1460,10208
1457,1461,10215
1458,1462,10222
1459,1463,10229
1460,1464,10236
1461,1465,10243
1462,1466,10250
1463,1467,10257
1464,1468,10264
1465,1469,10271
1466,1470,10278
1467,1471,10285
1468,1472,10292
1469,1473,10299
1470,1474,10306
1471,1475,10313
1472,1476,10320
1473,1477,10327
1474,1478,10334
1475,1479,10341
1476,1480,10348
1477,1481,10355
1478,1482,10362
1479,1483,10369
1480,1484,10376
1481,1485,10383
1482,1486,10390
1483,1487,10397
1484,1488,10404
1485,1489,10411
1486,1490,10418
1487,1491,10425
1488,1492,10432
1489,1493,10439
1490,1494,10446
1491,1495,10453
1492,1496,10460
1493,1497,10467
1494,1498,10474
1495,1499,10481
1496,1500,10488
1497,1501,10495
1498,1502,10502
1499,1503,10509
1500,1504,10516
1501,1505,10523
1502,1506,10530
1503,1507,10537
1504,1508,10544
1505,1509,10551
1506,1510,10558
1507,1511,10565
1508,1512,10572
1509,1513,10579
1510,1514,10586
1511,1515,10593
1512,1516,10600
1513,1517,10607
1514,1518,10614
1515,1519,10621
1516,1520,10628
1517,1521,10635
1518,1522,10642
1519,1523,10649
1520,1524,10656
1521,1525,10663
1522,1526,10670
1523,1527,10677
1524,1528,10684
1525,1529,10691
1526,1530,10698
1527,1531,10705
1528,1532,10712
1529,1533,10719
1530,1534,10726
1531,1535,10733
1532,1536,10740
1533,1537,10747
1534,1538,10754
1535,1539,10761
1536,1540,10768
1537,1541,10775
1538,1542,10782
1539,1543,10789
1540,1544,10796
1541,1545,10803
1542,1546,10810
1543,1547,10817
1544,1548,10824
1545,1549,10831
1546,1550,10838
1547,1551,10845
1548,1552,10852
1549,1553,10859
1550,1554,10866
1551,1555,10873
1552,1556,10880
1553,1557,10887
1554,1558,10894
1555,1559,10901
1556,1560,10908
1557,1561,10915
1558,1562,10922
1559,1563,10929
1560,1564,10936
1561,1565,10943
1562,1566,10950
1563,1567,10957
1564,1568,10964
1565,1569,10971
1566,1570,10978
1567,1571,10985
1568,1572,10992
1569,1573,10999
1570,1574,11006
1571,1575,11013
1572,1576,11020
1573,1577,11027
1574,1578,11034
1575,1579,11041
1576,1580,11048
1577,1581,11055
1578,1582,11062
1579,1583,11069
1580,1584,11076
1581,1585,11083
1582,1586,11090
1583,1587,11097
1584,1588,11104
1585,1589,11111
1586,1590,11118
1587,1591,11125
1588,1592,11132
1589,1593,11139
1590,1594,11146
1591,1595,11153
1592,1596,11160
1593,1597,11167
1594,1598,11174
1595,1599,11181
1596,1600,11188
1597,1601,11195
1598,1602,11202
1599,1603,11209
1600,1604,11216
1601,1605,11223
1602,1606,11230
1603,1607,11237
1604,1608,11244
1605,1609,11251
1606,1610,11258
1607,1611,11265
1608,1612,11272
1609,1613,11279
1610,1614,11286
1611,1615,11293
1612,1616,11300
1613,1617,11307
1614,1618,11314
1615,1619,11321
1616,1620,11328
1617,1621,11335
1618,1622,11342
1619,1623,11349
1620,1624,11356
1621,1625,11363
1622,1626,11370
1623,1627,11377
1624,1628,11384
1625,1629,11391
1626,1630,11398
1627,1631,11405
1628,1632,11412
1629,1633,11419
1630,1634,11426
1631,1635,11433
1632,1636,11440
1633,1637,11447
1634,1638,11454
1635,1639,11461
1636,1640,11468
1637,1641,11475
1638,1642,11482
1639,1643,11489
1640,1644,11496
1641,1645,11503
1642,1646,11510
1643,1647,11517
1644,1648,11524
1645,1649,11531
1646,1650,11538
1647,1651,11545
1648,1652,11552
1649,1653,11559
1650,1654,11566
1651,1655,11573
1652,1656,11580
1653,1657,11587
1654,1658,11594
1655,1659,11601
1656,1660,11608
1657,1661,11615
1658,1662,11622
1659,1663,11629
1660,1664,11636
1661,1665,11643
1662,1666,11650
1663,1667,11657
1664,1668,11664
1665,1669,11671
1666,1670,11678
1667,1671,11685
1668,1672,11692
1669,1673,11699
1670,1674,11706
1671,1675,11713
1672,1676,11720
1673,1677,11727
1674,1678,11734
1675,1679,11741
1676,1680,11748
1677,1681,11755
1678,1682,11762
1679,1683,11769
1680,1684,11776
1681,1685,11783
1682,1686,11790
1683,1687,11797
1684,1688,11804
1685,1689,11811
1686,1690,11818
1687,1691,11825
1688,1692,11832
1689,1693,11839
1690,1694,11846
1691,1695,11853
1692,1696,11860
1693,1697,11867
1694,1698,11874
1695,1699,11881
1696,1700,11888
1697,1701,11895
1698,1702,11902
1699,1703,11909
1700,1704,11916
1701,1705,11923
1702,1706,11930
1703,1707,11937
1704,1708,11944
1705,1709,11951
1706,1710,11958
1707,1711,11965
1708,1712,11972
1709,1713,11979
1710,1714,11986
1711,1715,11993
1712,1716,12000
1713,1717,12007
1714,1718,12014
1715,1719,12021
1716,1720,12028
1717,1721,12035
1718,1722,12042
1719,1723,12049
1720,1724,12056
1721,1725,12063
1722,1726,12070
1723,1727,12077
1724,1728,12084
1725,1729,12091
1726,1730,12098
1727,1731,12105
1728,1732,12112
1729,1733,12119
1730,1734,12126
1731,1735,12133
1732,1736,12140
1733,1737,12147
1734,1738,12154
1735,1739,12161
1736,1740,12168
1737,1741,12175
1738,1742,12182
1739,1743,12189
1740,1744,12196
1741,1745,12203
1742,1746,12210
1743,1747,12217
1744,1748,12224
1745,1749,12231
1746,1750,12238
1747,1751,12245
1748,1752,12252
1749,1753,12259
1750,1754,12266
1751,1755,12273
1752,1756,12280
1753,1757,12287
1754,1758,12294
1755,1759,12301
1756,1760,12308
1757,1761,12315
1758,1762,12322
1759,1763,12329
1760,1764,12336
1761,1765,12343
1762,1766,12350
1763,1767,12357
1764,1768,12364
1765,1769,12371
1766,1770,12378
1767,1771,12385
1768,1772,12392
1769,1773,12399
1770,1774,12406
1771,1775,12413
1772,1776,12420
1773,1777,12427
1774,1778,12434
1775,1779,12441
1776,1780,12448
1777,1781,12455
1778,1782,12462
1779,1783,12469
1780,1784,12476
1781,1785,12483
1782,1786,12490
1783,1787,12497
1784,1788,12504
1785,1789,12511
1786,1790,12518
1787,1791,12525
1788,1792,12532
1789,1793,12539
1790,1794,12546
1791,1795,12553
1792,1796,12560
1793,1797,12567
1794,1798,12574
1795,1799,12581
1796,1800,12588
1797,1801,12595
1798,1802,12602
1799,1803,12609
1800,1804,12616
1801,1805,12623
1802,1806,12630
1803,1807,12637
1804,1808,12644
1805,1809,12651
1806,1810,12658
1807,1811,12665
1808,1812,12672
1809,1813,12679
1810,1814,12686
1811,1815,12693
1812,1816,12700
1813,1817,12707
1814,1818,12714
1815,1819,12721
1816,1820,12728
1817,1821,12735
1818,1822,12742
1819,1823,12749
1820,1824,12756
1821,1825,12763
1822,1826,12770
1823,1827,12777
1824,1828,12784
1825,1829,12791
1826,1830,12798
1827,1831,12805
1828,1832,12812
1829,1833,12819
1830,1834,12826
1831,1835,12833
1832,1836,12840
1833,1837,12847
1834,1838,12854
1835,1839,12861
1836,1840,12868
1837,1841,12875
1838,1842,12882
1839,1843,12889
1840,1844,12896
1841,1845,12903
1842,1846,12910
1843,1847,12917
1844,1848,12924
1845,1849,12931
1846,1850,12938
1847,1851,12945
1848,1852,12952
1849,1853,12959
1850,1854,12966
1851,1855,12973
1852,1856,12980
1853,1857,12987
1854,1858,12994
1855,1859,13001
1856,1860,13008
1857,1861,13015
1858,1862,13022
1859,1863,13029
1860,1864,13036
1861,1865,13043
1862,1866,13050
1863,1867,13057
1864,1868,13064
1865,1869,13071
1866,1870,13078
1867,1871,13085
1868,1872,13092
1869,1873,13099
1870,1874,13106
1871,1875,13113
1872,1876,13120
1873,1877,13127
1874,1878,13134
1875,1879,13141
1876,1880,13148
1877,1881,13155
1878,1882,13162
1879,1883,13169
1880,1884,13176
1881,1885,13183
1882,1886,13190
1883,1887,13197
1884,1888,13204
1885,1889,13211
1886,1890,13218
1887,1891,13225
1888,1892,13232
1889,1893,13239
1890,1894,13246
1891,1895,13253
1892,1896,13260
1893,1897,13267
1894,1898,13274
1895,1899,13281
1896,1900,13288
1897,1901,13295
1898,1902,13302
1899,1903,13309
1900,1904,13316
1901,1905,13323
1902,1906,13330
1903,1907,13337
1904,1908,13344
1905,1909,13351
1906,1910,13358
1907,1911,13365
1908,1912,13372
1909,1913,13379
1910,1914,13386
1911,1915,13393
1912,1916,13400
1913,1917,13407
1914,1918,13414
1915,1919,13421
1916,1920,13428
1917,1921,13435
1918,1922,13442
1919,1923,13449
1920,1924,13456
1921,1925,13463
1922,1926,13470
1923,1927,13477
1924,1928,13484
1925,1929,13491
1926,1930,13498
1927,1931,13505
1928,1932,13512
1929,1933,13519
1930,1934,13526
1931,1935,13533
1932,1936,13540
1933,1937,13547
1934,1938,13554
1935,1939,13561
1936,1940,13568
1937,1941,13575
1938,1942,13582
1939,1943,13589
1940,1944,13596
1941,1945,13603
1942,1946,13610
1943,1947,13617
1944,1948,13624
1945,1949,13631
1946,1950,13638
1947,1951,13645
1948,1952,13652
1949,1953,13659
1950,1954,13666
1951,1955,13673
1952,1956,13680
1953,1957,13687
1954,1958,13694
1955,1959,13701
1956,1960,13708
1957,1961,13715
1958,1962,13722
1959,1963,13729
1960,1964,13736
1961,1965,13743
1962,1966,13750
1963,1967,13757
1964,1968,13764
1965,1969,13771
1966,1970,13778
1967,1971,13785
1968,1972,13792
1969,1973,13799
1970,1974,13806
1971,1975,13813
1972,1976,13820
1973,1977,13827
1974,1978,13834
1975,1979,13841
1976,1980,13848
1977,1981,13855
1978,1982,13862
1979,1983,13869
1980,1984,13876
1981,1985,13883
1982,1986,13890
1983,1987,13897
1984,1988,13904
1985,1989,13911
1986,1990,13918
1987,1991,13925
1988,1992,13932
1989,1993,13939
1990,1994,13946
1991,1995,13953
1992,1996,13960
1993,1997,13967
1994,1998,13974
1995,1999,13981
1996,2000,13988
1997,2001,13995
1998,2002,14002
1999,2003,14009
2000,2004,14016
2001,2005,14023
2002,2006,14030
2003,2007,14037
2004,2008,14044
2005,2009,14051
2006,2010,14058
2007,2011,14065
2008,2012,14072
2009,2013,14079
2010,2014,14086
2011,2015,14093
2012,2016,14100
2013,2017,14107
2014,2018,14114
2015,2019,14121
2016,2020,14128
2017,2021,14135
2018,2022,14142
2019,2023,14149
2020,2024,14156
2021,2025,14163
2022,2026,14170
2023,2027,14177
2024,2028,14184
2025,2029,14191
2026,2030,14198
2027,2031,14205
2028,2032,14212
2029,2033,14219
2030,2034,14226
2031,2035,14233
2032,2036,14240
2033,2037,14247
2034,2038,14254
2035,2039,14261
2036,2040,14268
2037,2041,14275
2038,2042,14282
2039,2043,14289
2040,2044,14296
2041,2045,14303
2042,2046,14310
2043,2047,14317
2044,2048,14324
2045,2049,14331
2046,2050,14338
2047,2051,14345
2048,2052,14352
2049,2053,14359
2050,2054,14366
2051,2055,14373
2052,2056,14380
2053,2057,14387
2054,2058,14394
2055,2059,14401
2056,2060,14408
2057,2061,14415
2058,2062,14422
2059,2063,14429
2060,2064,14436
2061,2065,14443
2062,2066,14450
2063,2067,14457
2064,2068,14464
2065,2069,14471
2066,2070,14478
2067,2071,14485
2068,2072,14492
2069,2073,14499
2070,2074,14506
2071,2075,14513
2072,2076,14520
2073,2077,14527
2074,2078,14534
2075,2079,14541
2076,2080,14548
2077,2081,14555
2078,2082,14562
2079,2083,14569
2080,2084,14576
2081,2085,14583
2082,2086,14590
2083,2087,14597
2084,2088,14604
2085,2089,14611
2086,2090,14618
2087,2091,14625
2088,2092,14632
2089,2093,14639
2090,2094,14646
2091,2095,14653
2092,2096,14660
2093,2097,14667
2094,2098,14674
2095,2099,14681
2096,2100,14688
2097,2101,14695
2098,2102,14702
2099,2103,14709
2100,2104,14716
2101,2105,14723
2102,2106,14730
2103,2107,14737
2104,2108,14744
2105,2109,14751
2106,2110,14758
2107,2111,14765
2108,2112,14772
2109,2113,14779
2110,2114,14786
2111,2115,14793
2112,2116,14800
2113,2117,14807
2114,2118,14814
2115,2119,14821
2116,2120,14828
2117,2121,14835
2118,2122,14842
2119,2123,14849
2120,2124,14856
2121,2125,14863
2122,2126,14870
2123,2127,14877
2124,2128,14884
2125,2129,14891
2126,2130,14898
2127,2131,14905
2128,2132,14912
2129,2133,14919
2130,2134,14926
2131,2135,14933
2132,2136,14940
2133,2137,14947
2134,2138,14954
2135,2139,14961
2136,2140,14968
2137,2141,14975
2138,2142,14982
2139,2143,14989
2140,2144,14996
2141,2145,15003
2142,2146,15010
2143,2147,15017
2144,2148,15024
2145,2149,15031
2146,2150,15038
2147,2151,15045
2148,2152,15052
2149,2153,15059
2150,2154,15066
2151,2155,15073
2152,2156,15080
2153,2157,15087
2154,2158,15094
2155,2159,15101
2156,2160,15108
2157,2161,15115
2158,2162,15122
2159,2163,15129
2160,2164,15136
2161,2165,15143
2162,2166,15150
2163,2167,15157
2164,2168,15164
2165,2169,15171
2166,2170,15178
2167,2171,15185
2168,2172,15192
2169,2173,15199
2170,2174,15206
2171,2175,15213
2172,2176,15220
2173,2177,15227
2174,2178,15234
2175,2179,15241
2176,2180,15248
2177,2181,15255
2178,2182,15262
2179,2183,15269
2180,2184,15276
2181,2185,15283
2182,2186,15290
2183,2187,15297
2184,2188,15304
2185,2189,15311
2186,2190,15318
2187,2191,15325
2188,2192,15332
2189,2193,15339
2190,2194,15346
2191,2195,15353
2192,2196,15360
2193,2197,15367
2194,2198,15374
2195,2199,15381
2196,2200,15388
2197,2201,15395
2198,2202,15402
2199,2203,15409
2200,2204,15416
2201,2205,15423
2202,2206,15430
2203,2207,15437
2204,2208,15444
2205,2209,15451
2206,2210,15458
2207,2211,15465
2208,2212,15472
2209,2213,15479
2210,2214,15486
2211,2215,15493
2212,2216,15500
2213,2217,15507
2214,2218,15514
2215,2219,15521
2216,2220,15528
2217,2221,15535
2218,2222,15542
2219,2223,15549
2220,2224,15556
2221,2225,15563
2222,2226,15570
2223,2227,15577
2224,2228,15584
2225,2229,15591
2226,2230,15598
2227,2231,15605
2228,2232,15612
2229,2233,15619
2230,2234,15626
2231,2235,15633
2232,2236,15640
2233,2237,15647
2234,2238,15654
2235,2239,15661
2236,2240,15668
2237,2241,15675
2238,2242,15682
2239,2243,15689
2240,2244,15696
2241,2245,15703
2242,2246,15710
2243,2247,15717
2244,2248,15724
2245,2249,15731
2246,2250,15738
2247,2251,15745
2248,2252,15752
2249,2253,15759
2250,2254,15766
2251,2255,15773
2252,2256,15780
2253,2257,15787
2254,2258,15794
2255,2259,15801
2256,2260,15808
2257,2261,15815
2258,2262,15822
2259,2263,15829
2260,2264,15836
2261,2265,15843
2262,2266,15850
2263,2267,15857
2264,2268,15864
2265,2269,15871
2266,2270,15878
2267,2271,15885
2268,2272,15892
2269,2273,15899
2270,2274,15906
2271,2275,15913
2272,2276,15920
2273,2277,15927
2274,2278,15934
2275,2279,15941
2276,2280,15948
2277,2281,15955
2278,2282,15962
2279,2283,15969
2280,2284,15976
2281,2285,15983
2282,2286,15990
2283,2287,15997
2284,2288,16004
2285,2289,16011
2286,2290,16018
2287,2291,16025
2288,2292,16032
2289,2293,16039
2290,2294,16046
2291,2295,16053
2292,2296,16060
2293,2297,16067
2294,2298,16074
2295,2299,16081
2296,2300,16088
2297,2301,16095
2298,2302,16102
2299,2303,16109
2300,2304,16116
2301,2305,16123
2302,2306,16130
2303,2307,16137
2304,2308,16144
2305,2309,16151
2306,2310,16158
2307,2311,16165
2308,2312,16172
2309,2313,16179
2310,2314,16186
2311,2315,16193
2312,2316,16200
2313,2317,16207
2314,2318,16214
2315,2319,16221
2316,2320,16228
2317,2321,16235
2318,2322,16242
2319,2323,16249
2320,2324,16256
2321,2325,16263
2322,2326,16270
2323,2327,16277
2324,2328,16284
2325,2329,16291
2326,2330,16298
2327,2331,16305
2328,2332,16312
2329,2333,16319
2330,2334,16326
2331,2335,16333
2332,2336,16340
2333,2337,16347
2334,2338,16354
2335,2339,16361
2336,2340,16368
2337,2341,16375
2338,2342,16382
2339,2343,16389
2340,2344,16396
2341,2345,16403
2342,2346,16410
2343,2347,16417
2344,2348,16424
2345,2349,16431
2346,2350,16438
2347,2351,16445
2348,2352,16452
2349,2353,16459
2350,2354,16466
2351,2355,16473
2352,2356,16480
2353,2357,16487
2354,2358,16494
2355,2359,16501
2356,2360,16508
2357,2361,16515
2358,2362,16522
2359,2363,16529
2360,2364,16536
2361,2365,16543
2362,2366,16550
2363,2367,16557
2364,2368,16564
2365,2369,16571
2366,2370,16578
2367,2371,16585
2368,2372,16592
2369,2373,16599
2370,2374,16606
2371,2375,16613
2372,2376,16620
2373,2377,16627
2374,2378,16634
2375,2379,16641
2376,2380,16648
2377,2381,16655
2378,2382,16662
2379,2383,16669
2380,2384,16676
2381,2385,16683
2382,2386,16690
2383,2387,16697
2384,2388,16704
2385,2389,16711
2386,2390,16718
2387,2391,16725
2388,2392,16732
2389,2393,16739
2390,2394,16746
2391,2395,16753
2392,2396,16760
2393,2397,16767
2394,2398,16774
2395,2399,16781
2396,2400,16788
2397,2401,16795
2398,2402,16802
2399,2403,16809
2400,2404,16816
2401,2405,16823
2402,2406,16830
2403,2407,16837
2404,2408,16844
2405,2409,16851
2406,2410,16858
2407,2411,16865
2408,2412,16872
2409,2413,16879
2410,2414,16886
2411,2415,16893
2412,2416,16900
2413,2417,16907
2414,2418,16914
2415,2419,16921
2416,2420,16928
2417,2421,16935
2418,2422,16942
2419,2423,16949
2420,2424,16956
2421,2425,16963
2422,2426,16970
2423,2427,16977
2424,2428,16984
2425,2429,16991
2426,2430,16998
2427,2431,17005
2428,2432,17012
2429,2433,17019
2430,2434,17026
2431,2435,17033
2432,2436,17040
2433,2437,17047
2434,2438,17054
2435,2439,17061
2436,2440,17068
2437,2441,17075
2438,2442,17082
2439,2443,17089
2440,2444,17096
2441,2445,17103
2442,2446,17110
2443,2447,17117
2444,2448,17124
2445,2449,17131
2446,2450,17138
2447,2451,17145
2448,2452,17152
2449,2453,17159
2450,2454,17166
2451,2455,17173
2452,2456,17180
2453,2457,17187
2454,2458,17194
2455,2459,17201
2456,2460,17208
2457,2461,17215
2458,2462,17222
2459,2463,17229
2460,2464,17236
2461,2465,17243
2462,2466,17250
2463,2467,17257
2464,2468,17264
2465,2469,17271
2466,2470,17278
2467,2471,17285
2468,2472,17292
2469,2473,17299
2470,2474,17306
2471,2475,17313
2472,2476,17320
2473,2477,17327
2474,2478,17334
2475,2479,17341
2476,2480,17348
2477,2481,17355
2478,2482,17362
2479,2483,17369
2480,2484,17376
2481,2485,17383
2482,2486,17390
2483,2487,17397
2484,2488,17404
2485,2489,17411
2486,2490,17418
2487,2491,17425
2488,2492,17432
2489,2493,17439
2490,2494,17446
2491,2495,17453
2492,2496,17460
2493,2497,17467
2494,2498,17474
2495,2499,17481
2496,2500,17488
2497,2501,17495
2498,2502,17502
2499,2503,17509
2500,2504,17516
2501,2505,17523
2502,2506,17530
2503,2507,17537
2504,2508,17544
2505,2509,17551
2506,2510,17558
2507,2511,17565
2508,2512,17572
2509,2513,17579
2510,2514,17586
2511,2515,17593
2512,2516,17600
2513,2517,17607
2514,2518,17614
2515,2519,17621
2516,2520,17628
2517,2521,17635
2518,2522,17642
2519,2523,17649
2520,2524,17656
2521,2525,17663
2522,2526,17670
2523,2527,17677
2524,2528,17684
2525,2529,17691
2526,2530,17698
2527,2531,17705
2528,2532,17712
2529,2533,17719
2530,2534,17726
2531,2535,17733
2532,2536,17740
2533,2537,17747
2534,2538,17754
2535,2539,17761
2536,2540,17768
2537,2541,17775
2538,2542,17782
2539,2543,17789
2540,2544,17796
2541,2545,17803
2542,2546,17810
2543,2547,17817
2544,2548,17824
2545,2549,17831
2546,2550,17838
2547,2551,17845
2548,2552,17852
2549,2553,17859
2550,2554,17866
2551,2555,17873
2552,2556,17880
2553,2557,17887
2554,2558,17894
2555,2559,17901
2556,2560,17908
2557,2561,17915
2558,2562,17922
2559,2563,17929
2560,2564,17936
2561,2565,17943
2562,2566,17950
2563,2567,17957
2564,2568,17964
2565,2569,17971
2566,2570,17978
2567,2571,17985
2568,2572,17992
2569,2573,17999
2570,2574,18006
2571,2575,18013
2572,2576,18020
2573,2577,18027
2574,2578,18034
2575,2579,18041
2576,2580,18048
2577,2581,18055
2578,2582,18062
2579,2583,18069
2580,2584,18076
2581,2585,18083
2582,2586,18090
2583,2587,18097
2584,2588,18104
2585,2589,18111
2586,2590,18118
2587,2591,18125
2588,2592,18132
2589,2593,18139
2590,2594,18146
2591,2595,18153
2592,2596,18160
2593,2597,18167
2594,2598,18174
2595,2599,18181
2596,2600,18188
2597,2601,18195
2598,2602,18202
2599,2603,18209
2600,2604,18216
2601,2605,18223
2602,2606,18230
2603,2607,18237
2604,2608,18244
2605,2609,18251
2606,2610,18258
2607,2611,18265
2608,2612,18272
2609,2613,18279
2610,2614,18286
2611,2615,18293
2612,2616,18300
2613,2617,18307
2614,2618,18314
2615,2619,18321
2616,2620,18328
2617,2621,18335
2618,2622,18342
2619,2623,18349
2620,2624,18356
2621,2625,18363
2622,2626,18370
2623,2627,18377
2624,2628,18384
2625,2629,18391
2626,2630,18398
2627,2631,18405
2628,2632,18412
2629,2633,18419
2630,2634,18426
2631,2635,18433
2632,2636,18440
2633,2637,18447
2634,2638,18454
2635,2639,18461
2636,2640,18468
2637,2641,18475
2638,2642,18482
2639,2643,18489
2640,2644,18496
2641,2645,18503
2642,2646,18510
2643,2647,18517
2644,2648,18524
2645,2649,18531
2646,2650,18538
2647,2651,18545
2648,2652,18552
2649,2653,18559
2650,2654,18566
2651,2655,18573
2652,2656,18580
2653,2657,18587
2654,2658,18594
2655,2659,18601
2656,2660,18608
2657,2661,18615
2658,2662,18622
2659,2663,18629
2660,2664,18636
2661,2665,18643
2662,2666,18650
2663,2667,18657
2664,2668,18664
2665,2669,18671
2666,2670,18678
2667,2671,18685
2668,2672,18692
2669,2673,18699
2670,2674,18706
2671,2675,18713
2672,2676,18720
2673,2677,18727
2674,2678,18734
2675,2679,18741
2676,2680,18748
2677,2681,18755
2678,2682,18762
2679,2683,18769
2680,2684,18776
2681,2685,18783
2682,2686,18790
2683,2687,18797
2684,2688,18804
2685,2689,18811
2686,2690,18818
2687,2691,18825
2688,2692,18832
2689,2693,18839
2690,2694,18846
2691,2695,18853
2692,2696,18860
2693,2697,18867
2694,2698,18874
2695,2699,18881
2696,2700,18888
2697,2701,18895
2698,2702,18902
2699,2703,18909
2700,2704,18916
2701,2705,18923
2702,2706,18930
2703,2707,18937
2704,2708,18944
2705,2709,18951
2706,2710,18958
2707,2711,18965
2708,2712,18972
2709,2713,18979
2710,2714,18986
2711,2715,18993
2712,2716,19000
2713,2717,19007
2714,2718,19014
2715,2719,19021
2716,2720,19028
2717,2721,19035
2718,2722,19042
2719,2723,19049
2720,2724,19056
2721,2725,19063
2722,2726,19070
2723,2727,19077
2724,2728,19084
2725,2729,19091
2726,2730,19098
2727,2731,19105
2728,2732,19112
2729,2733,19119
2730,2734,19126
2731,2735,19133
2732,2736,19140
2733,2737,19147
2734,2738,19154
2735,2739,19161
2736,2740,19168
2737,2741,19175
2738,2742,19182
2739,2743,19189
2740,2744,19196
2741,2745,19203
2742,2746,19210
2743,2747,19217
2744,2748,19224
2745,2749,19231
2746,2750,19238
2747,2751,19245
2748,2752,19252
2749,2753,19259
2750,2754,19266
2751,2755,19273
2752,2756,19280
2753,2757,19287
2754,2758,19294
2755,2759,19301
2756,2760,19308
2757,2761,19315
2758,2762,19322
2759,2763,19329
2760,2764,19336
2761,2765,19343
2762,2766,19350
2763,2767,19357
2764,2768,19364
2765,2769,19371
2766,2770,19378
2767,2771,19385
2768,2772,19392
2769,2773,19399
2770,2774,19406
2771,2775,19413
2772,2776,19420
2773,2777,19427
2774,2778,19434
2775,2779,19441
2776,2780,19448
2777,2781,19455
2778,2782,19462
2779,2783,19469
2780,2784,19476
2781,2785,19483
2782,2786,19490
2783,2787,19497
2784,2788,19504
2785,2789,19511
2786,2790,19518
2787,2791,19525
2788,2792,19532
2789,2793,19539
2790,2794,19546
2791,2795,19553
2792,2796,19560
2793,2797,19567
2794,2798,19574
2795,2799,19581
2796,2800,19588
2797,2801,19595
2798,2802,19602
2799,2803,19609
2800,2804,19616
2801,2805,19623
2802,2806,19630
2803,2807,19637
2804,2808,19644
2805,2809,19651
2806,2810,19658
2807,2811,19665
2808,2812,19672
2809,2813,19679
2810,2814,19686
2811,2815,19693
2812,2816,19700
2813,2817,19707
2814,2818,19714
2815,2819,19721
2816,2820,19728
2817,2821,19735
2818,2822,19742
2819,2823,19749
2820,2824,19756
2821,2825,19763
2822,2826,19770
2823,2827,19777
2824,2828,19784
2825,2829,19791
2826,2830,19798
2827,2831,19805
2828,2832,19812
2829,2833,19819
2830,2834,19826
2831,2835,19833
2832,2836,19840
2833,2837,19847
2834,2838,19854
2835,2839,19861
2836,2840,19868
2837,2841,19875
2838,2842,19882
2839,2843,19889
2840,2844,19896
2841,2845,19903
2842,2846,19910
2843,2847,19917
2844,2848,19924
2845,2849,19931
2846,2850,19938
2847,2851,19945
2848,2852,19952
2849,2853,19959
2850,2854,19966
2851,2855,19973
2852,2856,19980
2853,2857,19987
2854,2858,19994
2855,2859,20001
2856,2860,20008
2857,2861,20015
2858,2862,20022
2859,2863,20029
2860,2864,20036
2861,2865,20043
2862,2866,20050
2863,2867,20057
2864,2868,20064
2865,2869,20071
2866,2870,20078
2867,2871,20085
2868,2872,20092
2869,2873,20099
2870,2874,20106
2871,2875,20113
2872,2876,20120
2873,2877,20127
2874,2878,20134
2875,2879,20141
2876,2880,20148
2877,2881,20155
2878,2882,20162
2879,2883,20169
2880,2884,20176
2881,2885,20183
2882,2886,20190
2883,2887,20197
2884,2888,20204
2885,2889,20211
2886,2890,20218
2887,2891,20225
2888,2892,20232
2889,2893,20239
2890,2894,20246
2891,2895,20253
2892,2896,20260
2893,2897,20267
2894,2898,20274
2895,2899,20281
2896,2900,20288
2897,2901,20295
2898,2902,20302
2899,2903,20309
2900,2904,20316
2901,2905,20323
2902,2906,20330
2903,2907,20337
2904,2908,20344
2905,2909,20351
2906,2910,20358
2907,2911,20365
2908,2912,20372
2909,2913,20379
2910,2914,20386
2911,2915,20393
2912,2916,20400
2913,2917,20407
2914,2918,20414
2915,2919,20421
2916,2920,20428
2917,2921,20435
2918,2922,20442
2919,2923,20449
2920,2924,20456
2921,2925,20463
2922,2926,20470
2923,2927,20477
2924,2928,20484
2925,2929,20491
2926,2930,20498
2927,2931,20505
2928,2932,20512
2929,2933,20519
2930,2934,20526
2931,2935,20533
2932,2936,20540
2933,2937,20547
2934,2938,20554
2935,2939,20561
2936,2940,20568
2937,2941,20575
2938,2942,20582
2939,2943,20589
2940,2944,20596
2941,2945,20603
2942,2946,20610
2943,2947,20617
2944,2948,20624
2945,2949,20631
2946,2950,20638
2947,2951,20645
2948,2952,20652
2949,2953,20659
2950,2954,20666
2951,2955,20673
2952,2956,20680
2953,2957,20687
2954,2958,20694
2955,2959,20701
2956,2960,20708
2957,2961,20715
2958,2962,20722
2959,2963,20729
2960,2964,20736
2961,2965,20743
2962,2966,20750
2963,2967,20757
2964,2968,20764
2965,2969,20771
2966,2970,20778
2967,2971,20785
2968,2972,20792
2969,2973,20799
2970,2974,20806
2971,2975,20813
2972,2976,20820
2973,2977,20827
2974,2978,20834
2975,2979,20841
2976,2980,20848
2977,2981,20855
2978,2982,20862
2979,2983,20869
2980,2984,20876
2981,2985,20883
2982,2986,20890
2983,2987,20897
2984,2988,20904
2985,2989,20911
2986,2990,20918
2987,2991,20925
2988,2992,20932
2989,2993,20939
2990,2994,20946
2991,2995,20953
2992,2996,20960
2993,2997,20967
2994,2998,20974
2995,2999,20981
2996,3000,20988
2997,3001,20995
2998,3002,21002
2999,3003,21009
3000,3004,21016
3001,3005,21023
3002,3006,21030
3003,3007,21037
3004,3008,21044
3005,3009,21051
3006,3010,21058
3007,3011,21065
3008,3012,21072
3009,3013,21079
3010,3014,21086
3011,3015,21093
3012,3016,21100
3013,3017,21107
3014,3018,21114
3015,3019,21121
3016,3020,21128
3017,3021,21135
3018,3022,21142
3019,3023,21149
3020,3024,21156
3021,3025,21163
3022,3026,21170
3023,3027,21177
3024,3028,21184
3025,3029,21191
3026,3030,21198
3027,3031,21205
3028,3032,21212
3029,3033,21219
3030,3034,21226
3031,3035,21233
3032,3036,21240
3033,3037,21247
3034,3038,21254
3035,3039,21261
3036,3040,21268
3037,3041,21275
3038,3042,21282
3039,3043,21289
3040,3044,21296
3041,3045,21303
3042,3046,21310
3043,3047,21317
3044,3048,21324
3045,3049,21331
3046,3050,21338
3047,3051,21345
3048,3052,21352
3049,3053,21359
3050,3054,21366
3051,3055,21373
3052,3056,21380
3053,3057,21387
3054,3058,21394
3055,3059,21401
3056,3060,21408
3057,3061,21415
3058,3062,21422
3059,3063,21429
3060,3064,21436
3061,3065,21443
3062,3066,21450
3063,3067,21457
3064,3068,21464
3065,3069,21471
3066,3070,21478
3067,3071,21485
3068,3072,21492
3069,3073,21499
3070,3074,21506
3071,3075,21513
3072,3076,21520
3073,3077,21527
3074,3078,21534
3075,3079,21541
3076,3080,21548
3077,3081,21555
3078,3082,21562
3079,3083,21569
3080,3084,21576
3081,3085,21583
3082,3086,21590
3083,3087,21597
3084,3088,21604
3085,3089,21611
3086,3090,21618
3087,3091,21625
3088,3092,21632
3089,3093,21639
3090,3094,21646
3091,3095,21653
3092,3096,21660
3093,3097,21667
3094,3098,21674
3095,3099,21681
3096,3100,21688
3097,3101,21695
3098,3102,21702
3099,3103,21709
3100,3104,21716
3101,3105,21723
3102,3106,21730
3103,3107,21737
3104,3108,21744
3105,3109,21751
3106,3110,21758
3107,3111,21765
3108,3112,21772
3109,3113,21779
3110,3114,21786
3111,3115,21793
3112,3116,21800
3113,3117,21807
3114,3118,21814
3115,3119,21821
3116,3120,21828
3117,3121,21835
3118,3122,21842
3119,3123,21849
3120,3124,21856
3121,3125,21863
3122,3126,21870
3123,3127,21877
3124,3128,21884
3125,3129,21891
3126,3130,21898
3127,3131,21905
3128,3132,21912
3129,3133,21919
3130,3134,21926
3131,3135,21933
3132,3136,21940
3133,3137,21947
3134,3138,21954
3135,3139,21961
3136,3140,21968
3137,3141,21975
3138,3142,21982
3139,3143,21989
3140,3144,21996
3141,3145,22003
3142,3146,22010
3143,3147,22017
3144,3148,22024
3145,3149,22031
3146,3150,22038
3147,3151,22045
3148,3152,22052
3149,3153,22059
3150,3154,22066
3151,3155,22073
3152,3156,22080
3153,3157,22087
3154,3158,22094
3155,3159,22101
3156,3160,22108
3157,3161,22115
3158,3162,22122
3159,3163,22129
3160,3164,22136
3161,3165,22143
3162,3166,22150
3163,3167,22157
3164,3168,22164
3165,3169,22171
3166,3170,22178
3167,3171,22185
3168,3172,22192
3169,3173,22199
3170,3174,22206
3171,3175,22213
3172,3176,22220
3173,3177,22227
3174,3178,22234
3175,3179,22241
3176,3180,22248
3177,3181,22255
3178,3182,22262
3179,3183,22269
3180,3184,22276
3181,3185,22283
3182,3186,22290
3183,3187,22297
3184,3188,22304
3185,3189,22311
3186,3190,22318
3187,3191,22325
3188,3192,22332
3189,3193,22339
3190,3194,22346
3191,3195,22353
3192,3196,22360
3193,3197,22367
3194,3198,22374
3195,3199,22381
3196,3200,22388
3197,3201,22395
3198,3202,22402
3199,3203,22409
3200,3204,22416
3201,3205,22423
3202,3206,22430
3203,3207,22437
3204,3208,22444
3205,3209,22451
3206,3210,22458
3207,3211,22465
3208,3212,22472
3209,3213,22479
3210,3214,22486
3211,3215,22493
3212,3216,22500
3213,3217,22507
3214,3218,22514
3215,3219,22521
3216,3220,22528
3217,3221,22535
3218,3222,22542
3219,3223,22549
3220,3224,22556
3221,3225,22563
3222,3226,22570
3223,3227,22577
3224,3228,22584
3225,3229,22591
3226,3230,22598
3227,3231,22605
3228,3232,22612
3229,3233,22619
3230,3234,22626
3231,3235,22633
3232,3236,22640
3233,3237,22647
3234,3238,22654
3235,3239,22661
3236,3240,22668
3237,3241,22675
3238,3242,22682
3239,3243,22689
3240,3244,22696
3241,3245,22703
3242,3246,22710
3243,3247,22717
3244,3248,22724
3245,3249,22731
3246,3250,22738
3247,3251,22745
3248,3252,22752
3249,3253,22759
3250,3254,22766
3251,3255,22773
3252,3256,22780
3253,3257,22787
3254,3258,22794
3255,3259,22801
3256,3260,22808
3257,3261,22815
3258,3262,22822
3259,3263,22829
3260,3264,22836
3261,3265,22843
3262,3266,22850
3263,3267,22857
3264,3268,22864
3265,3269,22871
3266,3270,22878
3267,3271,22885
3268,3272,22892
3269,3273,22899
3270,3274,22906
3271,3275,22913
3272,3276,22920
3273,3277,22927
3274,3278,22934
3275,3279,22941
3276,3280,22948
3277,3281,22955
3278,3282,22962
3279,3283,22969
3280,3284,22976
3281,3285,22983
3282,3286,22990
3283,3287,22997
3284,3288,23004
3285,3289,23011
3286,3290,23018
3287,3291,23025
3288,3292,23032
3289,3293,23039
3290,3294,23046
3291,3295,23053
3292,3296,23060
3293,3297,23067
3294,3298,23074
3295,3299,23081
3296,3300,23088
3297,3301,23095
3298,3302,23102
3299,3303,23109
3300,3304,23116
3301,3305,23123
3302,3306,23130
3303,3307,23137
3304,3308,23144
3305,3309,23151
3306,3310,23158
3307,3311,23165
3308,3312,23172
3309,3313,23179
3310,3314,23186
3311,3315,23193
3312,3316,23200
3313,3317,23207
3314,3318,23214
3315,3319,23221
3316,3320,23228
3317,3321,23235
3318,3322,23242
3319,3323,23249
3320,3324,23256
3321,3325,23263
3322,3326,23270
3323,3327,23277
3324,3328,23284
3325,3329,23291
3326,3330,23298
3327,3331,23305
3328,3332,23312
3329,3333,23319
3330,3334,23326
3331,3335,23333
3332,3336,23340
3333,3337,23347
3334,3338,23354
3335,3339,23361
3336,3340,23368
3337,3341,23375
3338,3342,23382
3339,3343,23389
3340,3344,23396
3341,3345,23403
3342,3346,23410
3343,3347,23417
3344,3348,23424
3345,3349,23431
3346,3350,23438
3347,3351,23445
3348,3352,23452
3349,3353,23459
3350,3354,23466
3351,3355,23473
3352,3356,23480
3353,3357,23487
3354,3358,23494
3355,3359,23501
3356,3360,23508
3357,3361,23515
3358,3362,23522
3359,3363,23529
3360,3364,23536
3361,3365,23543
3362,3366,23550
3363,3367,23557
3364,3368,23564
3365,3369,23571
3366,3370,23578
3367,3371,23585
3368,3372,23592
3369,3373,23599
3370,3374,23606
3371,3375,23613
3372,3376,23620
3373,3377,23627
3374,3378,23634
3375,3379,23641
3376,3380,23648
3377,3381,23655
3378,3382,23662
3379,3383,23669
3380,3384,23676
3381,3385,23683
3382,3386,23690
3383,3387,23697
3384,3388,23704
3385,3389,23711
3386,3390,23718
3387,3391,23725
3388,3392,23732
3389,3393,23739
3390,3394,23746
3391,3395,23753
3392,3396,23760
3393,3397,23767
3394,3398,23774
3395,3399,23781
3396,3400,23788
3397,3401,23795
3398,3402,23802
3399,3403,23809
3400,3404,23816
3401,3405,23823
3402,3406,23830
3403,3407,23837
3404,3408,23844
3405,3409,23851
3406,3410,23858
3407,3411,23865
3408,3412,23872
3409,3413,23879
3410,3414,23886
3411,3415,23893
3412,3416,23900
3413,3417,23907
3414,3418,23914
3415,3419,23921
3416,3420,23928
3417,3421,23935
3418,3422,23942
3419,3423,23949
3420,3424,23956
3421,3425,23963
3422,3426,23970
3423,3427,23977
3424,3428,23984
3425,3429,23991
3426,3430,23998
3427,3431,24005
3428,3432,24012
3429,3433,24019
3430,3434,24026
3431,3435,24033
3432,3436,24040
3433,3437,24047
3434,3438,24054
3435,3439,24061
3436,3440,24068
3437,3441,24075
3438,3442,24082
3439,3443,24089
3440,3444,24096
3441,3445,24103
3442,3446,24110
3443,3447,24117
3444,3448,24124
3445,3449,24131
3446,3450,24138
3447,3451,24145
3448,3452,24152
3449,3453,24159
3450,3454,24166
3451,3455,24173
3452,3456,24180
3453,3457,24187
3454,3458,24194
3455,3459,24201
3456,3460,24208
3457,3461,24215
3458,3462,24222
3459,3463,24229
3460,3464,24236
3461,3465,24243
3462,3466,24250
3463,3467,24257
3464,3468,24264
3465,3469,24271
3466,3470,24278
3467,3471,24285
3468,3472,24292
3469,3473,24299
3470,3474,24306
3471,3475,24313
3472,3476,24320
3473,3477,24327
3474,3478,24334
3475,3479,24341
3476,3480,24348
3477,3481,24355
3478,3482,24362
3479,3483,24369
3480,3484,24376
3481,3485,24383
3482,3486,24390
3483,3487,24397
3484,3488,24404
3485,3489,24411
3486,3490,24418
3487,3491,24425
3488,3492,24432
3489,3493,24439
3490,3494,24446
3491,3495,24453
3492,3496,24460
3493,3497,24467
3494,3498,24474
3495,3499,24481
3496,3500,24488
3497,3501,24495
3498,3502,24502
3499,3503,24509
3500,3504,24516
3501,3505,24523
3502,3506,24530
3503,3507,24537
3504,3508,24544
3505,3509,24551
3506,3510,24558
3507,3511,24565
3508,3512,24572
3509,3513,24579
3510,3514,24586
3511,3515,24593
3512,3516,24600
3513,3517,24607
3514,3518,24614
3515,3519,24621
3516,3520,24628
3517,3521,24635
3518,3522,24642
3519,3523,24649
3520,3524,24656
3521,3525,24663
3522,3526,24670
3523,3527,24677
3524,3528,24684
3525,3529,24691
3526,3530,24698
3527,3531,24705
3528,3532,24712
3529,3533,24719
3530,3534,24726
3531,3535,24733
3532,3536,24740
3533,3537,24747
3534,3538,24754
3535,3539,24761
3536,3540,24768
3537,3541,24775
3538,3542,24782
3539,3543,24789
3540,3544,24796
3541,3545,24803
3542,3546,24810
3543,3547,24817
3544,3548,24824
3545,3549,24831
3546,3550,24838
3547,3551,24845
3548,3552,24852
3549,3553,24859
3550,3554,24866
3551,3555,24873
3552,3556,24880
3553,3557,24887
3554,3558,24894
3555,3559,24901
3556,3560,24908
3557,3561,24915
3558,3562,24922
3559,3563,24929
3560,3564,24936
3561,3565,24943
3562,3566,24950
3563,3567,24957
3564,3568,24964
3565,3569,24971
3566,3570,24978
3567,3571,24985
3568,3572,24992
3569,3573,24999
3570,3574,25006
3571,3575,25013
3572,3576,25020
3573,3577,25027
3574,3578,25034
3575,3579,25041
3576,3580,25048
3577,3581,25055
3578,3582,25062
3579,3583,25069
3580,3584,25076
3581,3585,25083
3582,3586,25090
3583,3587,25097
3584,3588,25104
3585,3589,25111
3586,3590,25118
3587,3591,25125
3588,3592,25132
3589,3593,25139
3590,3594,25146
3591,3595,25153
3592,3596,25160
3593,3597,25167
3594,3598,25174
3595,3599,25181
3596,3600,25188
3597,3601,25195
3598,3602,25202
3599,3603,25209
3600,3604,25216
3601,3605,25223
3602,3606,25230
3603,3607,25237
3604,3608,25244
3605,3609,25251
3606,3610,25258
3607,3611,25265
3608,3612,25272
3609,3613,25279
3610,3614,25286
3611,3615,25293
3612,3616,25300
3613,3617,25307
3614,3618,25314
3615,3619,25321
3616,3620,25328
3617,3621,25335
3618,3622,25342
3619,3623,25349
3620,3624,25356
3621,3625,25363
3622,3626,25370
3623,3627,25377
3624,3628,25384
3625,3629,25391
3626,3630,25398
3627,3631,25405
3628,3632,25412
3629,3633,25419
3630,3634,25426
3631,3635,25433
3632,3636,25440
3633,3637,25447
3634,3638,25454
3635,3639,25461
3636,3640,25468
3637,3641,25475
3638,3642,25482
3639,3643,25489
3640,3644,25496
3641,3645,25503
3642,3646,25510
3643,3647,25517
3644,3648,25524
3645,3649,25531
3646,3650,25538
3647,3651,25545
3648,3652,25552
3649,3653,25559
3650,3654,25566
3651,3655,25573
3652,3656,25580
3653,3657,25587
3654,3658,25594
3655,3659,25601
3656,3660,25608
3657,3661,25615
3658,3662,25622
3659,3663,25629
3660,3664,25636
3661,3665,25643
3662,3666,25650
3663,3667,25657
3664,3668,25664
3665,3669,25671
3666,3670,25678
3667,3671,25685
3668,3672,25692
3669,3673,25699
3670,3674,25706
3671,3675,25713
3672,3676,25720
3673,3677,25727
3674,3678,25734
3675,3679,25741
3676,3680,25748
3677,3681,25755
3678,3682,25762
3679,3683,25769
3680,3684,25776
3681,3685,25783
3682,3686,25790
3683,3687,25797
3684,3688,25804
3685,3689,25811
3686,3690,25818
3687,3691,25825
3688,3692,25832
3689,3693,25839
3690,3694,25846
3691,3695,25853
3692,3696,25860
3693,3697,25867
3694,3698,25874
3695,3699,25881
3696,3700,25888
3697,3701,25895
3698,3702,25902
3699,3703,25909
3700,3704,25916
3701,3705,25923
3702,3706,25930
3703,3707,25937
3704,3708,25944
3705,3709,25951
3706,3710,25958
3707,3711,25965
3708,3712,25972
3709,3713,25979
3710,3714,25986
3711,3715,25993
3712,3716,26000
3713,3717,26007
3714,3718,26014
3715,3719,26021
3716,3720,26028
3717,3721,26035
3718,3722,26042
3719,3723,26049
3720,3724,26056
3721,3725,26063
3722,3726,26070
3723,3727,26077
3724,3728,26084
3725,3729,26091
3726,3730,26098
3727,3731,26105
3728,3732,26112
3729,3733,26119
3730,3734,26126
3731,3735,26133
3732,3736,26140
3733,3737,26147
3734,3738,26154
3735,3739,26161
3736,3740,26168
3737,3741,26175
3738,3742,26182
3739,3743,26189
3740,3744,26196
3741,3745,26203
3742,3746,26210
3743,3747,26217
3744,3748,26224
3745,3749,26231
3746,3750,26238
3747,3751,26245
3748,3752,26252
3749,3753,26259
3750,3754,26266
3751,3755,26273
3752,3756,26280
3753,3757,26287
3754,3758,26294
3755,3759,26301
3756,3760,26308
3757,3761,26315
3758,3762,26322
3759,3763,26329
3760,3764,26336
3761,3765,26343
3762,3766,26350
3763,3767,26357
3764,3768,26364
3765,3769,26371
3766,3770,26378
3767,3771,26385
3768,3772,26392
3769,3773,26399
3770,3774,26406
3771,3775,26413
3772,3776,26420
3773,3777,26427
3774,3778,26434
3775,3779,26441
3776,3780,26448
3777,3781,26455
3778,3782,26462
3779,3783,26469
3780,3784,26476
3781,3785,26483
3782,3786,26490
3783,3787,26497
3784,3788,26504
3785,3789,26511
3786,3790,26518
3787,3791,26525
3788,3792,26532
3789,3793,26539
3790,3794,26546
3791,3795,26553
3792,3796,26560
3793,3797,26567
3794,3798,26574
3795,3799,26581
3796,3800,26588
3797,3801,26595
3798,3802,26602
3799,3803,26609
3800,3804,26616
3801,3805,26623
3802,3806,26630
3803,3807,26637
3804,3808,26644
3805,3809,26651
3806,3810,26658
3807,3811,26665
3808,3812,26672
3809,3813,26679
3810,3814,26686
3811,3815,26693
3812,3816,26700
3813,3817,26707
3814,3818,26714
3815,3819,26721
3816,3820,26728
3817,3821,26735
3818,3822,26742
3819,3823,26749
3820,3824,26756
3821,3825,26763
3822,3826,26770
3823,3827,26777
3824,3828,26784
3825,3829,26791
3826,3830,26798
3827,3831,26805
3828,3832,26812
3829,3833,26819
3830,3834,26826
3831,3835,26833
3832,3836,26840
3833,3837,26847
3834,3838,26854
3835,3839,26861
3836,3840,26868
3837,3841,26875
3838,3842,26882
3839,3843,26889
3840,3844,26896
3841,3845,26903
3842,3846,26910
3843,3847,26917
3844,3848,26924
3845,3849,26931
3846,3850,26938
3847,3851,26945
3848,3852,26952
3849,3853,26959
3850,3854,26966
3851,3855,26973
3852,3856,26980
3853,3857,26987
3854,3858,26994
3855,3859,27001
3856,3860,27008
3857,3861,27015
3858,3862,27022
3859,3863,27029
3860,3864,27036
3861,3865,27043
3862,3866,27050
3863,3867,27057
3864,3868,27064
3865,3869,27071
3866,3870,27078
3867,3871,27085
3868,3872,27092
3869,3873,27099
3870,3874,27106
3871,3875,27113
3872,3876,27120
3873,3877,27127
3874,3878,27134
3875,3879,27141
3876,3880,27148
3877,3881,27155
3878,3882,27162
3879,3883,27169
3880,3884,27176
3881,3885,27183
3882,3886,27190
3883,3887,27197
3884,3888,27204
3885,3889,27211
3886,3890,27218
3887,3891,27225
3888,3892,27232
3889,3893,27239
3890,3894,27246
3891,3895,27253
3892,3896,27260
3893,3897,27267
3894,3898,27274
3895,3899,27281
3896,3900,27288
3897,3901,27295
3898,3902,27302
3899,3903,27309
3900,3904,27316
3901,3905,27323
3902,3906,27330
3903,3907,27337
3904,3908,27344
3905,3909,27351
3906,3910,27358
3907,3911,27365
3908,3912,27372
3909,3913,27379
3910,3914,27386
3911,3915,27393
3912,3916,27400
3913,3917,27407
3914,3918,27414
3915,3919,27421
3916,3920,27428
3917,3921,27435
3918,3922,27442
3919,3923,27449
3920,3924,27456
3921,3925,27463
3922,3926,27470
3923,3927,27477
3924,3928,27484
3925,3929,27491
3926,3930,27498
3927,3931,27505
3928,3932,27512
3929,3933,27519
3930,3934,27526
3931,3935,27533
3932,3936,27540
3933,3937,27547
3934,3938,27554
3935,3939,27561
3936,3940,27568
3937,3941,27575
3938,3942,27582
3939,3943,27589
3940,3944,27596
3941,3945,27603
3942,3946,27610
3943,3947,27617
3944,3948,27624
3945,3949,27631
3946,3950,27638
3947,3951,27645
3948,3952,27652
3949,3953,27659
3950,3954,27666
3951,3955,27673
3952,3956,27680
3953,3957,27687
3954,3958,27694
3955,3959,27701
3956,3960,27708
3957,3961,27715
3958,3962,27722
3959,3963,27729
3960,3964,27736
3961,3965,27743
3962,3966,27750
3963,3967,27757
3964,3968,27764
3965,3969,27771
3966,3970,27778
3967,3971,27785
3968,3972,27792
3969,3973,27799
3970,3974,27806
3971,3975,27813
3972,3976,27820
3973,3977,27827
3974,3978,27834
3975,3979,27841
3976,3980,27848
3977,3981,27855
3978,3982,27862
3979,3983,27869
3980,3984,27876
3981,3985,27883
3982,3986,27890
3983,3987,27897
3984,3988,27904
3985,3989,27911
3986,3990,27918
3987,3991,27925
3988,3992,27932
3989,3993,27939
3990,3994,27946
3991,3995,27953
3992,3996,27960
3993,3997,27967
3994,3998,27974
3995,3999,27981
3996,4000,27988
3997,4001,27995
3998,4002,28002
3999,4003,28009
4000,4004,28016
4001,4005,28023
4002,4006,28030
4003,4007,28037
4004,4008,28044
4005,4009,28051
4006,4010,28058
4007,4011,28065
4008,4012,28072
4009,4013,28079
4010,4014,28086
4011,4015,28093
4012,4016,28100
4013,4017,28107
4014,4018,28114
4015,4019,28121
4016,4020,28128
4017,4021,28135
4018,4022,28142
4019,4023,28149
4020,4024,28156
4021,4025,28163
4022,4026,28170
4023,4027,28177
4024,4028,28184
4025,4029,28191
4026,4030,28198
4027,4031,28205
4028,4032,28212
4029,4033,28219
4030,4034,28226
4031,4035,28233
4032,4036,28240
4033,4037,28247
4034,4038,28254
4035,4039,28261
4036,4040,28268
4037,4041,28275
4038,4042,28282
4039,4043,28289
4040,4044,28296
4041,4045,28303
4042,4046,28310
4043,4047,28317
4044,4048,28324
4045,4049,28331
4046,4050,28338
4047,4051,28345
4048,4052,28352
4049,4053,28359
4050,4054,28366
4051,4055,28373
4052,4056,28380
4053,4057,28387
4054,4058,28394
4055,4059,28401
4056,4060,28408
4057,4061,28415
4058,4062,28422
4059,4063,28429
4060,4064,28436
4061,4065,28443
4062,4066,28450
4063,4067,28457
4064,4068,28464
4065,4069,28471
4066,4070,28478
4067,4071,28485
4068,4072,28492
4069,4073,28499
4070,4074,28506
4071,4075,28513
4072,4076,28520
4073,4077,28527
4074,4078,28534
4075,4079,28541
4076,4080,28548
4077,4081,28555
4078,4082,28562
4079,4083,28569
4080,4084,28576
4081,4085,28583
4082,4086,28590
4083,4087,28597
4084,4088,28604
4085,4089,28611
4086,4090,28618
4087,4091,28625
4088,4092,28632
4089,4093,28639
4090,4094,28646
4091,4095,28653
4092,4096,28660
4093,4097,28667
4094,4098,28674
4095,4099,28681
4096,4100,28688
4097,4101,28695
4098,4102,28702
4099,4103,28709
4100,4104,28716
4101,4105,28723
4102,4106,28730
4103,4107,28737
4104,4108,28744
4105,4109,28751
4106,4110,28758
4107,4111,28765
4108,4112,28772
4109,4113,28779
4110,4114,28786
4111,4115,28793
4112,4116,28800
4113,4117,28807
4114,4118,28814
4115,4119,28821
4116,4120,28828
4117,4121,28835
4118,4122,28842
4119,4123,28849
4120,4124,28856
4121,4125,28863
4122,4126,28870
4123,4127,28877
4124,4128,28884
4125,4129,28891
4126,4130,28898
4127,4131,28905
4128,4132,28912
4129,4133,28919
4130,4134,28926
4131,4135,28933
4132,4136,28940
4133,4137,28947
4134,4138,28954
4135,4139,28961
4136,4140,28968
4137,4141,28975
4138,4142,28982
4139,4143,28989
4140,4144,28996
4141,4145,29003
4142,4146,29010
4143,4147,29017
4144,4148,29024
4145,4149,29031
4146,4150,29038
4147,4151,29045
4148,4152,29052
4149,4153,29059
4150,4154,29066
4151,4155,29073
4152,4156,29080
4153,4157,29087
4154,4158,29094
4155,4159,29101
4156,4160,29108
4157,4161,29115
4158,4162,29122
4159,4163,29129
4160,4164,29136
4161,4165,29143
4162,4166,29150
4163,4167,29157
4164,4168,29164
4165,4169,29171
4166,4170,29178
4167,4171,29185
4168,4172,29192
4169,4173,29199
4170,4174,29206
4171,4175,29213
4172,4176,29220
4173,4177,29227
4174,4178,29234
4175,4179,29241
4176,4180,29248
4177,4181,29255
4178,4182,29262
4179,4183,29269
4180,4184,29276
4181,4185,29283
4182,4186,29290
4183,4187,29297
4184,4188,29304
4185,4189,29311
4186,4190,29318
4187,4191,29325
4188,4192,29332
4189,4193,29339
4190,4194,29346
4191,4195,29353
4192,4196,29360
4193,4197,29367
4194,4198,29374
4195,4199,29381
4196,4200,29388
4197,4201,29395
4198,4202,29402
4199,4203,29409
4200,4204,29416
4201,4205,29423
4202,4206,29430
4203,4207,29437
4204,4208,29444
4205,4209,29451
4206,4210,29458
4207,4211,29465
4208,4212,29472
4209,4213,29479
4210,4214,29486
4211,4215,29493
4212,4216,29500
4213,4217,29507
4214,4218,29514
4215,4219,29521
4216,4220,29528
4217,4221,29535
4218,4222,29542
4219,4223,29549
4220,4224,29556
4221,4225,29563
4222,4226,29570
4223,4227,29577
4224,4228,29584
4225,4229,29591
4226,4230,29598
4227,4231,29605
4228,4232,29612
4229,4233,29619
4230,4234,29626
4231,4235,29633
4232,4236,29640
4233,4237,29647
4234,4238,29654
4235,4239,29661
4236,4240,29668
4237,4241,29675
4238,4242,29682
4239,4243,29689
4240,4244,29696
4241,4245,29703
4242,4246,29710
4243,4247,29717
4244,4248,29724
4245,4249,29731
4246,4250,29738
4247,4251,29745
4248,4252,29752
4249,4253,29759
4250,4254,29766
4251,4255,29773
4252,4256,29780
4253,4257,29787
4254,4258,29794
4255,4259,29801
4256,4260,29808
4257,4261,29815
4258,4262,29822
4259,4263,29829
4260,4264,29836
4261,4265,29843
4262,4266,29850
4263,4267,29857
4264,4268,29864
4265,4269,29871
4266,4270,29878
4267,4271,29885
4268,4272,29892
4269,4273,29899
4270,4274,29906
4271,4275,29913
4272,4276,29920
4273,4277,29927
4274,4278,29934
4275,4279,29941
4276,4280,29948
4277,4281,29955
4278,4282,29962
4279,4283,29969
4280,4284,29976
4281,4285,29983
4282,4286,29990
4283,4287,29997
4284,4288,30004
4285,4289,30011
4286,4290,30018
4287,4291,30025
4288,4292,30032
4289,4293,30039
4290,4294,30046
4291,4295,30053
4292,4296,30060
4293,4297,30067
4294,4298,30074
4295,4299,30081
4296,4300,30088
4297,4301,30095
4298,4302,30102
4299,4303,30109
4300,4304,30116
4301,4305,30123
4302,4306,30130
4303,4307,30137
4304,4308,30144
4305,4309,30151
4306,4310,30158
4307,4311,30165
4308,4312,30172
4309,4313,30179
4310,4314,30186
4311,4315,30193
4312,4316,30200
4313,4317,30207
4314,4318,30214
4315,4319,30221
4316,4320,30228
4317,4321,30235
4318,4322,30242
4319,4323,30249
4320,4324,30256
4321,4325,30263
4322,4326,30270
4323,4327,30277
4324,4328,30284
4325,4329,30291
4326,4330,30298
4327,4331,30305
4328,4332,30312
4329,4333,30319
4330,4334,30326
4331,4335,30333
4332,4336,30340
4333,4337,30347
4334,4338,30354
4335,4339,30361
4336,4340,30368
4337,4341,30375
4338,4342,30382
4339,4343,30389
4340,4344,30396
4341,4345,30403
4342,4346,30410
4343,4347,30417
4344,4348,30424
4345,4349,30431
4346,4350,30438
4347,4351,30445
4348,4352,30452
4349,4353,30459
4350,4354,30466
4351,4355,30473
4352,4356,30480
4353,4357,30487
4354,4358,30494
4355,4359,30501
4356,4360,30508
4357,4361,30515
4358,4362,30522
4359,4363,30529
4360,4364,30536
4361,4365,30543
4362,4366,30550
4363,4367,30557
4364,4368,30564
4365,4369,30571
4366,4370,30578
4367,4371,30585
4368,4372,30592
4369,4373,30599
4370,4374,30606
4371,4375,30613
4372,4376,30620
4373,4377,30627
4374,4378,30634
4375,4379,30641
4376,4380,30648
4377,4381,30655
4378,4382,30662
4379,4383,30669
4380,4384,30676
4381,4385,30683
4382,4386,30690
4383,4387,30697
4384,4388,30704
4385,4389,30711
4386,4390,30718
4387,4391,30725
4388,4392,30732
4389,4393,30739
4390,4394,30746
4391,4395,30753
4392,4396,30760
4393,4397,30767
4394,4398,30774
4395,4399,30781
4396,4400,30788
4397,4401,30795
4398,4402,30802
4399,4403,30809
4400,4404,30816
4401,4405,30823
4402,4406,30830
4403,4407,30837
4404,4408,30844
4405,4409,30851
4406,4410,30858
4407,4411,30865
4408,4412,30872
4409,4413,30879
4410,4414,30886
4411,4415,30893
4412,4416,30900
4413,4417,30907
4414,4418,30914
4415,4419,30921
4416,4420,30928
4417,4421,30935
4418,4422,30942
4419,4423,30949
4420,4424,30956
4421,4425,30963
4422,4426,30970
4423,4427,30977
4424,4428,30984
4425,4429,30991
4426,4430,30998
4427,4431,31005
4428,4432,31012
4429,4433,31019
4430,4434,31026
4431,4435,31033
4432,4436,31040
4433,4437,31047
4434,4438,31054
4435,4439,31061
4436,4440,31068
4437,4441,31075
4438,4442,31082
4439,4443,31089
4440,4444,31096
4441,4445,31103
4442,4446,31110
4443,4447,31117
4444,4448,31124
4445,4449,31131
4446,4450,31138
4447,4451,31145
4448,4452,31152
4449,4453,31159
4450,4454,31166
4451,4455,31173
4452,4456,31180
4453,4457,31187
4454,4458,31194
4455,4459,31201
4456,4460,31208
4457,4461,31215
4458,4462,31222
4459,4463,31229
4460,4464,31236
4461,4465,31243
4462,4466,31250
4463,4467,31257
4464,4468,31264
4465,4469,31271
4466,4470,31278
4467,4471,31285
4468,4472,31292
4469,4473,31299
4470,4474,31306
4471,4475,31313
4472,4476,31320
4473,4477,31327
4474,4478,31334
4475,4479,31341
4476,4480,31348
4477,4481,31355
4478,4482,31362
4479,4483,31369
4480,4484,31376
4481,4485,31383
4482,4486,31390
4483,4487,31397
4484,4488,31404
4485,4489,31411
4486,4490,31418
4487,4491,31425
4488,4492,31432
4489,4493,31439
4490,4494,31446
4491,4495,31453
4492,4496,31460
4493,4497,31467
4494,4498,31474
4495,4499,31481
4496,4500,31488
4497,4501,31495
4498,4502,31502
4499,4503,31509
4500,4504,31516
4501,4505,31523
4502,4506,31530
4503,4507,31537
4504,4508,31544
4505,4509,31551
4506,4510,31558
4507,4511,31565
4508,4512,31572
4509,4513,31579
4510,4514,31586
4511,4515,31593
4512,4516,31600
4513,4517,31607
4514,4518,31614
4515,4519,31621
4516,4520,31628
4517,4521,31635
4518,4522,31642
4519,4523,31649
4520,4524,31656
4521,4525,31663
4522,4526,31670
4523,4527,31677
4524,4528,31684
4525,4529,31691
4526,4530,31698
4527,4531,31705
4528,4532,31712
4529,4533,31719
4530,4534,31726
4531,4535,31733
4532,4536,31740
4533,4537,31747
4534,4538,31754
4535,4539,31761
4536,4540,31768
4537,4541,31775
4538,4542,31782
4539,4543,31789
4540,4544,31796
4541,4545,31803
4542,4546,31810
4543,4547,31817
4544,4548,31824
4545,4549,31831
4546,4550,31838
4547,4551,31845
4548,4552,31852
4549,4553,31859
4550,4554,31866
4551,4555,31873
4552,4556,31880
4553,4557,31887
4554,4558,31894
4555,4559,31901
4556,4560,31908
4557,4561,31915
4558,4562,31922
4559,4563,31929
4560,4564,31936
4561,4565,31943
4562,4566,31950
4563,4567,31957
4564,4568,31964
4565,4569,31971
4566,4570,31978
4567,4571,31985
4568,4572,31992
4569,4573,31999
4570,4574,32006
4571,4575,32013
4572,4576,32020
4573,4577,32027
4574,4578,32034
4575,4579,32041
4576,4580,32048
4577,4581,32055
4578,4582,32062
4579,4583,32069
4580,4584,32076
4581,4585,32083
4582,4586,32090
4583,4587,32097
4584,4588,32104
4585,4589,32111
4586,4590,32118
4587,4591,32125
4588,4592,32132
4589,4593,32139
4590,4594,32146
4591,4595,32153
4592,4596,32160
4593,4597,32167
4594,4598,32174
4595,4599,32181
4596,4600,32188
4597,4601,32195
4598,4602,32202
4599,4603,32209
4600,4604,32216
4601,4605,32223
4602,4606,32230
4603,4607,32237
4604,4608,32244
4605,4609,32251
4606,4610,32258
4607,4611,32265
4608,4612,32272
4609,4613,32279
4610,4614,32286
4611,4615,32293
4612,4616,32300
4613,4617,32307
4614,4618,32314
4615,4619,32321
4616,4620,32328
4617,4621,32335
4618,4622,32342
4619,4623,32349
4620,4624,32356
4621,4625,32363
4622,4626,32370
4623,4627,32377
4624,4628,32384
4625,4629,32391
4626,4630,32398
4627,4631,32405
4628,4632,32412
4629,4633,32419
4630,4634,32426
4631,4635,32433
4632,4636,32440
4633,4637,32447
4634,4638,32454
4635,4639,32461
4636,4640,32468
4637,4641,32475
4638,4642,32482
4639,4643,32489
4640,4644,32496
4641,4645,32503
4642,4646,32510
4643,4647,32517
4644,4648,32524
4645,4649,32531
4646,4650,32538
4647,4651,32545
4648,4652,32552
4649,4653,32559
4650,4654,32566
4651,4655,32573
4652,4656,32580
4653,4657,32587
4654,4658,32594
4655,4659,32601
4656,4660,32608
4657,4661,32615
4658,4662,32622
4659,4663,32629
4660,4664,32636
4661,4665,32643
4662,4666,32650
4663,4667,32657
4664,4668,32664
4665,4669,32671
4666,4670,32678
4667,4671,32685
4668,4672,32692
4669,4673,32699
4670,4674,32706
4671,4675,32713
4672,4676,32720
4673,4677,32727
4674,4678,32734
4675,4679,32741
4676,4680,32748
4677,4681,32755
4678,4682,32762
4679,4683,32769
4680,4684,32776
4681,4685,32783
4682,4686,32790
4683,4687,32797
4684,4688,32804
4685,4689,32811
4686,4690,32818
4687,4691,32825
4688,4692,32832
4689,4693,32839
4690,4694,32846
4691,4695,32853
4692,4696,32860
4693,4697,32867
4694,4698,32874
4695,4699,32881
4696,4700,32888
4697,4701,32895
4698,4702,32902
4699,4703,32909
4700,4704,32916
4701,4705,32923
4702,4706,32930
4703,4707,32937
4704,4708,32944
4705,4709,32951
4706,4710,32958
4707,4711,32965
4708,4712,32972
4709,4713,32979
4710,4714,32986
4711,4715,32993
4712,4716,33000
4713,4717,33007
4714,4718,33014
4715,4719,33021
4716,4720,33028
4717,4721,33035
4718,4722,33042
4719,4723,33049
4720,4724,33056
4721,4725,33063
4722,4726,33070
4723,4727,33077
4724,4728,33084
4725,4729,33091
4726,4730,33098
4727,4731,33105
4728,4732,33112
4729,4733,33119
4730,4734,33126
4731,4735,33133
4732,4736,33140
4733,4737,33147
4734,4738,33154
4735,4739,33161
4736,4740,33168
4737,4741,33175
4738,4742,33182
4739,4743,33189
4740,4744,33196
4741,4745,33203
4742,4746,33210
4743,4747,33217
4744,4748,33224
4745,4749,33231
4746,4750,33238
4747,4751,33245
4748,4752,33252
4749,4753,33259
4750,4754,33266
4751,4755,33273
4752,4756,33280
4753,4757,33287
4754,4758,33294
4755,4759,33301
4756,4760,33308
4757,4761,33315
4758,4762,33322
4759,4763,33329
4760,4764,33336
4761,4765,33343
4762,4766,33350
4763,4767,33357
4764,4768,33364
4765,4769,33371
4766,4770,33378
4767,4771,33385
4768,4772,33392
4769,4773,33399
4770,4774,33406
4771,4775,33413
4772,4776,33420
4773,4777,33427
4774,4778,33434
4775,4779,33441
4776,4780,33448
4777,4781,33455
4778,4782,33462
4779,4783,33469
4780,4784,33476
4781,4785,33483
4782,4786,33490
4783,4787,33497
4784,4788,33504
4785,4789,33511
4786,4790,33518
4787,4791,33525
4788,4792,33532
4789,4793,33539
4790,4794,33546
4791,4795,33553
4792,4796,33560
4793,4797,33567
4794,4798,33574
4795,4799,33581
4796,4800,33588
4797,4801,33595
4798,4802,33602
4799,4803,33609
4800,4804,33616
4801,4805,33623
4802,4806,33630
4803,4807,33637
4804,4808,33644
4805,4809,33651
4806,4810,33658
4807,4811,33665
4808,4812,33672
4809,4813,33679
4810,4814,33686
4811,4815,33693
4812,4816,33700
4813,4817,33707
4814,4818,33714
4815,4819,33721
4816,4820,33728
4817,4821,33735
4818,4822,33742
4819,4823,33749
4820,4824,33756
4821,4825,33763
4822,4826,33770
4823,4827,33777
4824,4828,33784
4825,4829,33791
4826,4830,33798
4827,4831,33805
4828,4832,33812
4829,4833,33819
4830,4834,33826
4831,4835,33833
4832,4836,33840
4833,4837,33847
4834,4838,33854
4835,4839,33861
4836,4840,33868
4837,4841,33875
4838,4842,33882
4839,4843,33889
4840,4844,33896
4841,4845,33903
4842,4846,33910
4843,4847,33917
4844,4848,33924
4845,4849,33931
4846,4850,33938
4847,4851,33945
4848,4852,33952
4849,4853,33959
4850,4854,33966
4851,4855,33973
4852,4856,33980
4853,4857,33987
4854,4858,33994
4855,4859,34001
4856,4860,34008
4857,4861,34015
4858,4862,34022
4859,4863,34029
4860,4864,34036
4861,4865,34043
4862,4866,34050
4863,4867,34057
4864,4868,34064
4865,4869,34071
4866,4870,34078
4867,4871,34085
4868,4872,34092
4869,4873,34099
4870,4874,34106
4871,4875,34113
4872,4876,34120
4873,4877,34127
4874,4878,34134
4875,4879,34141
4876,4880,34148
4877,4881,34155
4878,4882,34162
4879,4883,34169
4880,4884,34176
4881,4885,34183
4882,4886,34190
4883,4887,34197
4884,4888,34204
4885,4889,34211
4886,4890,34218
4887,4891,34225
4888,4892,34232
4889,4893,34239
4890,4894,34246
4891,4895,34253
4892,4896,34260
4893,4897,34267
4894,4898,34274
4895,4899,34281
4896,4900,34288
4897,4901,34295
4898,4902,34302
4899,4903,34309
4900,4904,34316
4901,4905,34323
4902,4906,34330
4903,4907,34337
4904,4908,34344
4905,4909,34351
4906,4910,34358
4907,4911,34365
4908,4912,34372
4909,4913,34379
4910,4914,34386
4911,4915,34393
4912,4916,34400
4913,4917,34407
4914,4918,34414
4915,4919,34421
4916,4920,34428
4917,4921,34435
4918,4922,34442
4919,4923,34449
4920,4924,34456
4921,4925,34463
4922,4926,34470
4923,4927,34477
4924,4928,34484
4925,4929,34491
4926,4930,34498
4927,4931,34505
4928,4932,34512
4929,4933,34519
4930,4934,34526
4931,4935,34533
4932,4936,34540
4933,4937,34547
4934,4938,34554
4935,4939,34561
4936,4940,34568
4937,4941,34575
4938,4942,34582
4939,4943,34589
4940,4944,34596
4941,4945,34603
4942,4946,34610
4943,4947,34617
4944,4948,34624
4945,4949,34631
4946,4950,34638
4947,4951,34645
4948,4952,34652
4949,4953,34659
4950,4954,34666
4951,4955,34673
4952,4956,34680
4953,4957,34687
4954,4958,34694
4955,4959,34701
4956,4960,34708
4957,4961,34715
4958,4962,34722
4959,4963,34729
4960,4964,34736
4961,4965,34743
4962,4966,34750
4963,4967,34757
4964,4968,34764
4965,4969,34771
4966,4970,34778
4967,4971,34785
4968,4972,34792
4969,4973,34799
4970,4974,34806
4971,4975,34813
4972,4976,34820
4973,4977,34827
4974,4978,34834
4975,4979,34841
4976,4980,34848
4977,4981,34855
4978,4982,34862
4979,4983,34869
4980,4984,34876
4981,4985,34883
4982,4986,34890
4983,4987,34897
4984,4988,34904
4985,4989,34911
4986,4990,34918
4987,4991,34925
4988,4992,34932
4989,4993,34939
4990,4994,34946
4991,4995,34953
4992,4996,34960
4993,4997,34967
4994,4998,34974
4995,4999,34981
4996,5000,34988
4997,5001,34995
4998,5002,35002
4999,5003,35009
5000,5004,35016
5001,5005,35023
5002,5006,35030
5003,5007,35037
5004,5008,35044
5005,5009,35051
5006,5010,35058
5007,5011,35065
5008,5012,35072
5009,5013,35079
5010,5014,35086
5011,5015,35093
5012,5016,35100
5013,5017,35107
5014,5018,35114
5015,5019,35121
5016,5020,35128
5017,5021,35135
5018,5022,35142
5019,5023,35149
5020,5024,35156
5021,5025,35163
5022,5026,35170
5023,5027,35177
5024,5028,35184
5025,5029,35191
5026,5030,35198
5027,5031,35205
5028,5032,35212
5029,5033,35219
5030,5034,35226
